-- MySQL dump 10.13  Distrib 8.0.23, for Linux (x86_64)
--
-- Host: localhost    Database: vk
-- ------------------------------------------------------
-- Server version	8.0.23-0ubuntu0.20.04.1

/*!40101 SET @OLD_CHARACTER_SET_CLIENT=@@CHARACTER_SET_CLIENT */;
/*!40101 SET @OLD_CHARACTER_SET_RESULTS=@@CHARACTER_SET_RESULTS */;
/*!40101 SET @OLD_COLLATION_CONNECTION=@@COLLATION_CONNECTION */;
/*!50503 SET NAMES utf8mb4 */;
/*!40103 SET @OLD_TIME_ZONE=@@TIME_ZONE */;
/*!40103 SET TIME_ZONE='+00:00' */;
/*!40014 SET @OLD_UNIQUE_CHECKS=@@UNIQUE_CHECKS, UNIQUE_CHECKS=0 */;
/*!40014 SET @OLD_FOREIGN_KEY_CHECKS=@@FOREIGN_KEY_CHECKS, FOREIGN_KEY_CHECKS=0 */;
/*!40101 SET @OLD_SQL_MODE=@@SQL_MODE, SQL_MODE='NO_AUTO_VALUE_ON_ZERO' */;
/*!40111 SET @OLD_SQL_NOTES=@@SQL_NOTES, SQL_NOTES=0 */;

--
-- Table structure for table `communities`
--

DROP TABLE IF EXISTS `communities`;
/*!40101 SET @saved_cs_client     = @@character_set_client */;
/*!50503 SET character_set_client = utf8mb4 */;
CREATE TABLE `communities` (
  `id` int unsigned NOT NULL AUTO_INCREMENT COMMENT 'Идентификатор сроки',
  `name` varchar(150) CHARACTER SET utf8mb4 COLLATE utf8mb4_unicode_ci NOT NULL COMMENT 'Название группы',
  `created_at` datetime DEFAULT CURRENT_TIMESTAMP COMMENT 'Время создания строки',
  `updated_at` datetime DEFAULT CURRENT_TIMESTAMP ON UPDATE CURRENT_TIMESTAMP COMMENT 'Время обновления строки',
  PRIMARY KEY (`id`),
  UNIQUE KEY `name` (`name`)
) ENGINE=InnoDB AUTO_INCREMENT=21 DEFAULT CHARSET=utf8mb4 COLLATE=utf8mb4_unicode_ci COMMENT='Группы';
/*!40101 SET character_set_client = @saved_cs_client */;

--
-- Dumping data for table `communities`
--

LOCK TABLES `communities` WRITE;
/*!40000 ALTER TABLE `communities` DISABLE KEYS */;
INSERT INTO `communities` VALUES (1,'rerum','1999-07-23 23:40:30','1974-03-09 20:05:50'),(2,'qui','1988-11-21 22:34:15','2015-03-02 01:57:46'),(3,'eos','2008-01-06 21:12:55','2017-03-27 01:26:07'),(4,'voluptate','2000-08-31 23:23:31','2018-07-26 04:25:18'),(5,'vitae','1977-09-04 22:32:17','2008-10-18 14:43:54'),(6,'harum','1970-08-28 19:56:02','1996-10-20 03:28:34'),(7,'dolorem','2016-02-10 17:51:07','2008-03-08 17:26:19'),(8,'quae','1980-07-22 10:36:19','1995-03-11 23:29:51'),(9,'eveniet','1987-02-15 06:55:25','2005-04-13 00:12:17'),(10,'velit','1972-03-22 06:19:22','1970-09-09 22:19:36'),(11,'nemo','1993-06-06 14:09:24','2017-07-09 12:07:24'),(12,'sit','1984-11-12 09:53:35','2015-07-25 11:43:54'),(13,'itaque','1994-09-11 19:53:41','1979-06-03 03:16:43'),(14,'impedit','1988-07-30 01:08:38','1994-10-08 20:25:41'),(15,'earum','1986-10-03 21:18:39','1998-03-12 06:53:34'),(16,'in','2002-05-26 08:57:04','2010-10-14 03:18:59'),(17,'facilis','2003-01-05 05:07:22','1995-12-18 23:44:49'),(18,'et','2016-02-07 09:56:55','1995-12-22 05:37:51'),(19,'tempore','1985-08-12 17:08:45','1973-05-23 06:07:08'),(20,'aliquid','1978-12-03 15:05:52','1997-03-22 15:46:21');
/*!40000 ALTER TABLE `communities` ENABLE KEYS */;
UNLOCK TABLES;

--
-- Table structure for table `communities_users`
--

DROP TABLE IF EXISTS `communities_users`;
/*!40101 SET @saved_cs_client     = @@character_set_client */;
/*!50503 SET character_set_client = utf8mb4 */;
CREATE TABLE `communities_users` (
  `community_id` int unsigned NOT NULL COMMENT 'Ссылка на группу',
  `user_id` int unsigned NOT NULL COMMENT 'Ссылка на пользователя',
  `created_at` datetime DEFAULT CURRENT_TIMESTAMP COMMENT 'Время создания строки',
  PRIMARY KEY (`community_id`,`user_id`) COMMENT 'Составной первичный ключ'
) ENGINE=InnoDB DEFAULT CHARSET=utf8mb4 COLLATE=utf8mb4_unicode_ci COMMENT='Участники групп, связь между пользователями и группами';
/*!40101 SET character_set_client = @saved_cs_client */;

--
-- Dumping data for table `communities_users`
--

LOCK TABLES `communities_users` WRITE;
/*!40000 ALTER TABLE `communities_users` DISABLE KEYS */;
INSERT INTO `communities_users` VALUES (1,1,'1998-10-31 14:27:26'),(1,21,'2004-08-21 07:53:15'),(1,41,'2021-02-20 09:50:52'),(1,61,'2007-07-12 01:52:36'),(1,81,'1992-02-21 18:11:27'),(2,2,'2009-01-07 08:56:43'),(2,22,'1992-06-14 16:57:46'),(2,42,'1991-01-08 03:21:22'),(2,62,'1979-10-02 15:31:17'),(2,82,'1987-11-16 14:27:56'),(3,3,'1982-08-18 18:59:35'),(3,23,'1975-04-14 08:12:54'),(3,43,'1975-05-20 07:26:19'),(3,63,'2004-10-13 10:02:34'),(3,83,'1987-09-29 07:28:38'),(4,4,'1984-03-06 08:39:51'),(4,24,'1978-01-31 18:59:11'),(4,44,'1985-07-07 03:24:52'),(4,64,'1989-10-18 14:13:23'),(4,84,'2014-12-23 19:50:27'),(5,5,'1993-11-17 12:42:56'),(5,25,'1989-12-14 04:30:07'),(5,45,'2018-10-09 09:13:02'),(5,65,'2002-10-20 00:15:20'),(5,85,'1978-02-27 00:06:25'),(6,6,'1995-05-07 11:08:23'),(6,26,'2014-10-27 17:37:51'),(6,46,'1999-10-04 10:38:36'),(6,66,'2003-06-05 15:45:21'),(6,86,'1971-06-15 00:20:05'),(7,7,'1984-08-15 11:12:55'),(7,27,'2019-09-29 15:09:25'),(7,47,'1985-09-12 10:43:58'),(7,67,'1976-11-29 21:07:06'),(7,87,'1999-09-27 01:33:58'),(8,8,'2003-08-02 06:24:34'),(8,28,'1990-11-19 20:26:54'),(8,48,'1975-08-06 19:24:54'),(8,68,'1976-05-28 04:03:36'),(8,88,'1991-08-22 00:30:23'),(9,9,'2008-05-24 06:48:44'),(9,29,'2013-11-15 08:40:21'),(9,49,'2016-09-28 13:47:10'),(9,69,'1980-03-29 07:22:12'),(9,89,'2014-11-23 20:07:08'),(10,10,'2001-01-22 21:43:55'),(10,30,'2002-06-09 04:58:36'),(10,50,'2002-08-04 09:52:41'),(10,70,'1987-04-10 11:01:14'),(10,90,'1990-08-14 08:41:09'),(11,11,'2014-12-10 21:49:56'),(11,31,'1976-09-19 13:16:07'),(11,51,'2019-04-09 20:27:05'),(11,71,'1998-11-06 16:32:53'),(11,91,'1983-11-25 21:40:11'),(12,12,'2016-07-11 21:31:49'),(12,32,'2002-06-03 04:49:09'),(12,52,'1971-08-01 22:12:01'),(12,72,'1993-02-23 03:53:38'),(12,92,'1993-03-09 08:43:21'),(13,13,'2002-01-01 05:49:44'),(13,33,'1981-01-07 10:46:02'),(13,53,'1988-12-19 11:41:17'),(13,73,'2016-06-27 02:59:12'),(13,93,'1985-01-18 03:25:31'),(14,14,'1997-01-04 00:29:40'),(14,34,'1974-10-09 16:37:15'),(14,54,'1988-03-05 19:19:04'),(14,74,'2009-01-28 18:42:55'),(14,94,'2016-07-14 03:59:33'),(15,15,'2010-03-20 09:51:52'),(15,35,'2010-09-21 12:19:52'),(15,55,'2012-07-25 06:50:14'),(15,75,'2013-10-08 02:14:11'),(15,95,'1999-06-03 11:45:07'),(16,16,'2018-12-27 03:25:42'),(16,36,'1988-08-12 05:09:53'),(16,56,'1982-06-02 16:44:11'),(16,76,'2012-11-17 02:30:02'),(16,96,'2000-05-22 08:26:10'),(17,17,'1996-09-10 05:53:45'),(17,37,'1983-02-07 06:51:06'),(17,57,'1985-10-30 01:50:00'),(17,77,'2000-02-21 21:29:31'),(17,97,'1990-04-11 10:43:10'),(18,18,'1984-08-08 06:42:33'),(18,38,'2012-01-30 14:31:11'),(18,58,'2015-08-18 13:31:09'),(18,78,'1983-03-02 06:39:10'),(18,98,'1990-07-16 23:47:50'),(19,19,'1993-12-27 13:10:12'),(19,39,'1990-03-18 00:54:59'),(19,59,'1971-07-14 22:54:40'),(19,79,'1990-03-07 17:44:20'),(19,99,'1986-04-04 16:46:34'),(20,20,'2013-09-03 10:03:44'),(20,40,'2018-01-16 21:11:53'),(20,60,'2013-10-14 09:57:58'),(20,80,'1977-10-28 12:01:54'),(20,100,'1983-04-30 08:52:28');
/*!40000 ALTER TABLE `communities_users` ENABLE KEYS */;
UNLOCK TABLES;

--
-- Table structure for table `friendship`
--

DROP TABLE IF EXISTS `friendship`;
/*!40101 SET @saved_cs_client     = @@character_set_client */;
/*!50503 SET character_set_client = utf8mb4 */;
CREATE TABLE `friendship` (
  `user_id` int unsigned NOT NULL COMMENT 'Ссылка на инициатора дружеских отношений',
  `friend_id` int unsigned NOT NULL COMMENT 'Ссылка на получателя приглашения дружить',
  `status_id` int unsigned NOT NULL COMMENT 'Ссылка на статус (текущее состояние) отношений',
  `requested_at` datetime DEFAULT CURRENT_TIMESTAMP COMMENT 'Время отправления приглашения дружить',
  `confirmed_at` datetime DEFAULT NULL COMMENT 'Время подтверждения приглашения',
  `created_at` datetime DEFAULT CURRENT_TIMESTAMP COMMENT 'Время создания строки',
  `updated_at` datetime DEFAULT CURRENT_TIMESTAMP ON UPDATE CURRENT_TIMESTAMP COMMENT 'Время обновления строки',
  PRIMARY KEY (`user_id`,`friend_id`) COMMENT 'Составной первичный ключ'
) ENGINE=InnoDB DEFAULT CHARSET=utf8mb4 COLLATE=utf8mb4_unicode_ci COMMENT='Таблица дружбы';
/*!40101 SET character_set_client = @saved_cs_client */;

--
-- Dumping data for table `friendship`
--

LOCK TABLES `friendship` WRITE;
/*!40000 ALTER TABLE `friendship` DISABLE KEYS */;
INSERT INTO `friendship` VALUES (1,49,2,'2017-08-01 09:43:39','1995-03-27 15:41:20','2003-01-20 08:17:32','2021-03-14 12:30:19'),(2,7,2,'1984-08-23 13:23:43','1970-02-14 18:33:35','1983-01-02 02:28:41','2021-03-14 12:27:27'),(3,27,2,'2000-08-03 00:19:50','2009-12-22 18:41:57','2008-06-06 14:28:12','2021-03-14 12:30:19'),(4,96,2,'2012-01-21 08:50:54','2018-10-01 23:17:34','2015-05-11 03:32:04','2021-03-14 12:30:19'),(5,31,3,'1979-04-10 00:15:00','2004-10-08 03:47:30','1976-02-06 17:29:31','2021-03-14 12:30:19'),(6,82,3,'1980-07-12 18:09:14','2006-02-13 13:39:06','1996-11-18 19:11:33','2021-03-14 12:30:19'),(7,81,1,'1978-11-20 08:47:22','1996-10-27 17:10:34','2005-12-29 03:48:04','2021-03-14 12:30:19'),(8,76,3,'1973-10-08 19:19:01','1975-04-20 15:29:38','2013-05-30 16:44:11','2021-03-14 12:27:27'),(9,28,2,'2018-03-30 23:00:49','1971-10-22 16:24:46','1976-06-12 15:46:15','2021-03-14 12:30:19'),(10,51,2,'1993-07-19 11:06:13','2000-06-20 20:40:11','1979-01-25 00:20:50','2021-03-14 12:30:19'),(11,75,1,'2011-06-11 05:27:21','1995-02-02 12:14:46','1999-12-04 00:55:51','2021-03-14 12:27:27'),(12,54,1,'1989-04-14 23:51:26','1987-03-26 16:48:28','2004-04-07 18:08:30','2021-03-14 12:30:19'),(13,60,2,'2006-07-06 16:03:30','2002-12-10 04:16:54','1994-10-08 07:35:16','2021-03-14 12:30:19'),(14,58,1,'1973-08-24 11:14:34','1993-04-07 01:23:38','1992-09-08 20:54:25','2021-03-14 12:30:19'),(15,69,2,'1979-08-02 22:56:30','2018-09-05 05:36:23','2009-08-13 19:59:30','2021-03-14 12:30:19'),(16,56,2,'2001-08-15 11:49:07','2000-09-10 21:32:55','2005-04-15 19:58:28','2021-03-14 12:30:19'),(17,86,1,'1996-11-18 11:00:16','1986-12-23 16:22:08','2003-12-15 12:56:11','2021-03-14 12:30:19'),(18,100,1,'2018-11-16 19:36:25','2009-09-17 04:33:01','1990-10-23 04:17:59','2021-03-14 12:30:19'),(19,85,2,'1986-12-20 07:59:26','1977-06-03 19:31:51','2007-07-26 13:33:33','2021-03-14 12:30:19'),(20,7,1,'2010-12-11 11:06:21','2010-11-01 03:42:19','1991-02-14 00:33:33','2021-03-14 12:30:19'),(21,46,1,'1971-08-12 20:13:26','2011-12-19 09:58:20','2009-02-22 16:54:30','2021-03-14 12:27:27'),(22,60,2,'2018-07-24 18:54:45','1998-12-13 11:16:24','1970-03-20 12:52:03','2021-03-14 12:27:27'),(23,51,3,'2020-04-30 07:29:14','1991-03-14 02:41:15','1988-11-15 16:16:58','2021-03-14 12:27:27'),(24,82,1,'1978-12-02 12:58:08','1986-01-10 03:47:23','2004-06-14 08:42:36','2021-03-14 12:30:19'),(25,28,3,'2018-05-19 06:05:29','2012-10-06 11:31:07','2005-12-06 18:59:01','2021-03-14 12:30:19'),(26,42,3,'1979-09-18 19:57:00','1990-09-04 01:39:54','1986-03-12 07:41:47','2021-03-14 12:30:19'),(27,60,1,'2012-11-19 20:30:03','1984-03-16 06:30:50','1977-05-23 23:49:03','2021-03-14 12:30:19'),(28,97,3,'2012-03-26 17:22:52','2006-06-02 09:51:33','2019-01-21 19:43:37','2021-03-14 12:27:27'),(29,75,1,'2004-08-31 11:30:57','2020-04-06 09:18:36','2020-06-17 21:16:43','2021-03-14 12:30:19'),(30,82,3,'1989-10-12 05:58:26','1977-09-07 11:44:01','1991-05-14 12:50:12','2021-03-14 12:30:19'),(31,63,3,'1982-01-02 07:26:33','1997-04-27 13:50:03','2020-07-08 12:20:28','2021-03-14 12:30:19'),(32,51,3,'1988-03-18 11:14:48','1971-10-03 06:51:28','2009-05-29 12:33:34','2021-03-14 12:30:19'),(33,75,1,'1994-12-11 23:31:14','2018-06-23 09:18:43','2012-11-25 01:36:24','2021-03-14 12:30:19'),(34,51,2,'1996-11-14 13:32:39','1999-10-09 16:24:54','1971-12-06 02:28:50','2021-03-14 12:30:19'),(35,39,3,'1990-07-30 04:12:36','2017-04-16 07:58:36','1983-03-25 03:10:27','2021-03-14 12:30:19'),(36,62,1,'1987-02-02 10:07:03','2014-10-14 12:40:13','1990-09-25 19:02:12','2021-03-14 12:27:27'),(37,7,2,'2008-06-17 16:33:28','2014-09-09 18:21:23','1997-01-22 01:23:27','2021-03-14 12:27:27'),(38,14,1,'1979-07-24 08:06:30','2008-01-27 17:09:56','1976-07-23 04:30:26','2021-03-14 12:30:19'),(39,9,3,'2010-01-06 01:54:03','1986-09-17 03:35:51','2021-01-10 20:40:11','2021-03-14 12:30:19'),(40,2,2,'1977-04-24 04:12:39','1983-03-04 02:33:03','1992-05-26 13:42:11','2021-03-14 12:30:19'),(41,31,2,'2000-01-28 09:32:22','1997-10-27 03:55:45','2003-12-15 21:07:11','2021-03-14 12:30:19'),(42,99,2,'1979-11-11 10:49:32','2019-10-04 15:01:49','2014-10-12 22:59:25','2021-03-14 12:27:27'),(43,70,3,'1976-10-20 06:54:04','2017-02-28 22:43:40','1980-10-01 02:52:20','2021-03-14 12:27:27'),(44,36,3,'2005-08-01 04:47:20','1984-07-06 17:51:28','1990-05-25 16:38:53','2021-03-14 12:30:19'),(45,17,2,'2021-02-08 14:07:53','2018-12-21 19:18:58','2005-08-29 06:48:25','2021-03-14 12:30:19'),(46,11,2,'2004-11-08 13:02:25','1971-08-06 12:53:13','1994-12-11 22:18:53','2021-03-14 12:30:19'),(47,54,3,'1987-05-28 01:08:08','1995-11-25 22:42:35','1986-10-25 03:30:20','2021-03-14 12:30:19'),(48,71,1,'2002-11-10 06:27:37','1984-09-07 11:19:24','1993-06-14 20:47:23','2021-03-14 12:30:19'),(49,83,1,'2012-04-16 22:57:49','2008-05-13 11:35:43','2005-06-13 23:15:19','2021-03-14 12:30:19'),(50,8,1,'1972-02-23 13:51:22','2006-11-03 23:14:24','1988-11-29 15:29:15','2021-03-14 12:30:19'),(51,35,3,'2000-08-07 05:34:26','1989-07-03 14:25:53','1982-08-31 13:51:19','2021-03-14 12:30:19'),(52,17,2,'2020-07-28 16:42:49','1974-09-06 01:10:11','1976-07-18 18:12:49','2021-03-14 12:27:27'),(53,68,1,'2012-01-09 08:10:30','1971-07-08 02:36:19','2017-08-17 06:18:37','2021-03-14 12:30:19'),(54,84,1,'2001-01-12 16:51:22','1996-03-19 16:28:14','1978-05-22 02:35:40','2021-03-14 12:30:19'),(55,91,2,'2008-12-28 04:25:39','1996-05-21 12:21:32','1977-01-20 15:21:33','2021-03-14 12:30:19'),(56,86,3,'2014-05-01 14:33:38','1972-05-17 11:36:03','2009-03-25 00:00:24','2021-03-14 12:30:19'),(57,45,1,'1996-03-08 13:36:03','2007-04-28 20:55:35','2004-06-12 00:19:13','2021-03-14 12:30:19'),(58,56,2,'1981-02-24 14:09:59','2003-11-29 05:43:38','1979-06-14 10:17:22','2021-03-14 12:30:19'),(59,49,3,'1981-10-31 06:25:49','2005-05-17 16:02:22','1971-07-30 01:16:40','2021-03-14 12:30:19'),(60,95,1,'1995-03-03 20:16:44','2003-06-06 10:27:57','1983-01-26 09:31:01','2021-03-14 12:30:19'),(61,48,3,'2016-04-16 18:38:29','2002-04-05 20:33:34','1981-09-21 05:14:34','2021-03-14 12:30:19'),(62,58,3,'1981-06-19 11:55:22','1994-03-10 13:31:18','2011-03-12 22:13:49','2021-03-14 12:30:19'),(63,28,1,'1984-12-05 08:11:27','2019-03-22 06:32:59','1988-01-05 06:53:02','2021-03-14 12:30:19'),(64,97,3,'2010-05-27 18:49:37','2012-05-19 10:08:29','2020-09-09 10:55:10','2021-03-14 12:30:19'),(65,79,1,'2019-06-05 14:51:03','1990-05-09 10:20:12','2009-06-19 04:43:08','2021-03-14 12:30:19'),(66,61,3,'2019-02-09 01:50:52','2014-10-02 03:08:46','1982-03-13 10:14:24','2021-03-14 12:30:19'),(67,30,2,'1996-05-23 04:20:30','1991-08-04 04:57:27','1995-12-13 23:31:33','2021-03-14 12:27:27'),(68,63,1,'2013-05-15 07:31:15','1975-08-03 18:07:57','1995-08-23 20:33:32','2021-03-14 12:30:19'),(69,95,3,'1999-01-09 10:55:13','1982-07-24 05:36:17','1980-02-15 20:42:03','2021-03-14 12:30:19'),(70,48,2,'1985-04-13 19:43:31','2009-07-02 13:27:21','1990-05-15 13:08:03','2021-03-14 12:30:19'),(71,23,3,'1997-05-24 08:53:05','1988-08-05 11:41:12','1999-10-19 14:21:14','2021-03-14 12:30:19'),(72,5,3,'2006-05-15 17:18:07','1992-03-12 19:48:10','2000-01-25 23:52:52','2021-03-14 12:30:19'),(73,18,2,'1999-12-20 08:46:51','1982-05-18 13:45:49','1970-11-26 11:38:18','2021-03-14 12:30:19'),(74,89,1,'2013-10-08 12:45:43','2010-09-08 15:34:04','2020-07-05 18:51:58','2021-03-14 12:30:19'),(75,4,2,'1979-12-09 01:11:26','1984-12-19 22:55:36','1974-03-12 04:10:48','2021-03-14 12:30:19'),(76,58,1,'2011-10-25 12:18:12','1994-06-28 03:53:33','1984-07-31 10:52:47','2021-03-14 12:27:27'),(77,78,2,'1975-12-07 13:01:13','1992-08-12 03:22:39','1974-04-28 20:04:40','2021-03-14 12:27:27'),(78,100,3,'1985-03-12 14:35:59','2010-08-14 00:20:21','1988-09-19 20:12:23','2021-03-14 12:27:27'),(79,38,2,'1970-10-14 22:39:41','1979-05-31 06:06:59','1990-11-10 06:07:39','2021-03-14 12:30:19'),(80,9,3,'1979-02-02 12:14:42','2002-09-18 06:39:29','1979-05-22 21:26:15','2021-03-14 12:30:19'),(81,63,2,'1977-09-11 03:25:28','1978-09-19 20:07:11','1979-01-29 07:24:04','2021-03-14 12:30:19'),(82,41,2,'2010-06-02 23:40:50','2006-10-01 04:07:19','2015-08-30 02:14:24','2021-03-14 12:27:27'),(83,74,1,'2005-03-29 21:53:39','1976-04-13 06:07:20','2012-09-06 01:31:09','2021-03-14 12:30:19'),(84,92,2,'2004-06-27 03:01:20','1984-09-01 17:53:59','1983-06-18 19:47:26','2021-03-14 12:30:19'),(85,59,1,'1988-07-03 02:09:32','2013-03-05 08:10:51','2002-08-19 18:12:40','2021-03-14 12:30:19'),(86,98,1,'2014-11-12 22:04:18','1996-02-18 08:35:45','1994-07-25 18:56:53','2021-03-14 12:27:27'),(87,95,1,'1986-12-25 12:08:42','1974-09-03 00:08:47','1973-11-03 20:47:39','2021-03-14 12:30:19'),(88,10,2,'1998-11-16 11:41:17','1973-01-04 10:23:09','2001-12-22 10:46:28','2021-03-14 12:30:19'),(89,94,1,'1996-11-24 06:36:23','2009-01-07 22:46:57','1988-03-01 21:04:07','2021-03-14 12:30:19'),(90,34,1,'1979-10-13 09:52:36','1995-08-30 12:39:04','2010-09-07 14:02:24','2021-03-14 12:30:19'),(91,24,2,'2013-07-19 19:26:57','1976-09-24 13:25:26','2006-10-28 06:47:41','2021-03-14 12:30:19'),(92,56,2,'1989-12-10 20:27:25','1998-08-27 10:57:12','1976-04-06 12:48:20','2021-03-14 12:27:27'),(93,41,3,'1981-09-03 09:54:50','1980-02-24 12:22:30','1984-03-06 02:57:12','2021-03-14 12:27:27'),(94,52,3,'2010-02-10 16:24:05','2008-11-18 10:13:46','1996-11-08 08:46:43','2021-03-14 12:30:19'),(95,98,2,'1972-03-03 16:39:48','1995-03-22 22:24:00','1971-12-25 02:47:23','2021-03-14 12:30:19'),(96,7,1,'2002-07-24 20:30:56','1975-10-05 17:45:37','2009-09-26 18:31:31','2021-03-14 12:27:27'),(97,2,1,'1990-02-16 06:46:52','2010-07-12 12:47:41','1978-05-07 10:50:57','2021-03-14 12:30:19'),(98,55,1,'2015-02-11 07:22:52','2008-11-08 04:03:53','2008-10-28 06:34:28','2021-03-14 12:30:19'),(99,75,3,'1971-10-31 00:56:53','2021-01-21 11:06:45','1989-06-24 23:11:32','2021-03-14 12:30:19'),(100,9,2,'1986-01-29 07:07:57','2000-01-31 18:08:57','1977-12-31 19:25:53','2021-03-14 12:30:19');
/*!40000 ALTER TABLE `friendship` ENABLE KEYS */;
UNLOCK TABLES;

--
-- Table structure for table `friendship_statuses`
--

DROP TABLE IF EXISTS `friendship_statuses`;
/*!40101 SET @saved_cs_client     = @@character_set_client */;
/*!50503 SET character_set_client = utf8mb4 */;
CREATE TABLE `friendship_statuses` (
  `id` int unsigned NOT NULL AUTO_INCREMENT COMMENT 'Идентификатор строки',
  `name` varchar(150) CHARACTER SET utf8mb4 COLLATE utf8mb4_unicode_ci NOT NULL COMMENT 'Название статуса',
  `created_at` datetime DEFAULT CURRENT_TIMESTAMP COMMENT 'Время создания строки',
  `updated_at` datetime DEFAULT CURRENT_TIMESTAMP ON UPDATE CURRENT_TIMESTAMP COMMENT 'Время обновления строки',
  PRIMARY KEY (`id`),
  UNIQUE KEY `name` (`name`)
) ENGINE=InnoDB AUTO_INCREMENT=4 DEFAULT CHARSET=utf8mb4 COLLATE=utf8mb4_unicode_ci COMMENT='Статусы дружбы';
/*!40101 SET character_set_client = @saved_cs_client */;

--
-- Dumping data for table `friendship_statuses`
--

LOCK TABLES `friendship_statuses` WRITE;
/*!40000 ALTER TABLE `friendship_statuses` DISABLE KEYS */;
INSERT INTO `friendship_statuses` VALUES (1,'Requested','2021-03-13 22:38:35','2021-03-13 22:38:35'),(2,'Approved','2021-03-13 22:38:35','2021-03-13 22:38:35'),(3,'Declined','2021-03-13 22:38:35','2021-03-13 22:38:35');
/*!40000 ALTER TABLE `friendship_statuses` ENABLE KEYS */;
UNLOCK TABLES;

--
-- Table structure for table `gender`
--

DROP TABLE IF EXISTS `gender`;
/*!40101 SET @saved_cs_client     = @@character_set_client */;
/*!50503 SET character_set_client = utf8mb4 */;
CREATE TABLE `gender` (
  `id` int unsigned NOT NULL AUTO_INCREMENT COMMENT 'Идентификатор строки',
  `gender` varchar(25) DEFAULT NULL COMMENT 'Название пола',
  `gender_info` varchar(150) DEFAULT NULL COMMENT 'Информация о поле',
  `created_at` datetime DEFAULT CURRENT_TIMESTAMP COMMENT 'Время создания строки',
  `updated_at` datetime DEFAULT CURRENT_TIMESTAMP ON UPDATE CURRENT_TIMESTAMP COMMENT 'Время обновления строки',
  PRIMARY KEY (`id`)
) ENGINE=InnoDB AUTO_INCREMENT=3 DEFAULT CHARSET=utf8mb4 COLLATE=utf8mb4_0900_ai_ci COMMENT='Варианты полов';
/*!40101 SET character_set_client = @saved_cs_client */;

--
-- Dumping data for table `gender`
--

LOCK TABLES `gender` WRITE;
/*!40000 ALTER TABLE `gender` DISABLE KEYS */;
INSERT INTO `gender` VALUES (1,'M','Male','2021-03-13 22:33:08','2021-03-13 22:33:08'),(2,'F','Female','2021-03-13 22:33:08','2021-03-13 22:33:08');
/*!40000 ALTER TABLE `gender` ENABLE KEYS */;
UNLOCK TABLES;

--
-- Table structure for table `media`
--

DROP TABLE IF EXISTS `media`;
/*!40101 SET @saved_cs_client     = @@character_set_client */;
/*!50503 SET character_set_client = utf8mb4 */;
CREATE TABLE `media` (
  `id` int unsigned NOT NULL AUTO_INCREMENT COMMENT 'Идентификатор строки',
  `user_id` int unsigned NOT NULL COMMENT 'Ссылка на пользователя, который загрузил файл',
  `filename` varchar(255) CHARACTER SET utf8mb4 COLLATE utf8mb4_unicode_ci NOT NULL COMMENT 'Путь к файлу',
  `size` int NOT NULL COMMENT 'Размер файла',
  `metadata` longtext CHARACTER SET utf8mb4 COLLATE utf8mb4_bin COMMENT 'Метаданные файла',
  `media_type_id` int unsigned NOT NULL COMMENT 'Ссылка на тип контента',
  `created_at` datetime DEFAULT CURRENT_TIMESTAMP COMMENT 'Время создания строки',
  `updated_at` datetime DEFAULT CURRENT_TIMESTAMP ON UPDATE CURRENT_TIMESTAMP COMMENT 'Время обновления строки',
  PRIMARY KEY (`id`),
  CONSTRAINT `media_chk_1` CHECK (json_valid(`metadata`))
) ENGINE=InnoDB AUTO_INCREMENT=101 DEFAULT CHARSET=utf8mb4 COLLATE=utf8mb4_unicode_ci COMMENT='Медиафайлы';
/*!40101 SET character_set_client = @saved_cs_client */;

--
-- Dumping data for table `media`
--

LOCK TABLES `media` WRITE;
/*!40000 ALTER TABLE `media` DISABLE KEYS */;
INSERT INTO `media` VALUES (1,1,'itaque',0,NULL,2,'1977-01-07 18:26:01','2021-03-14 12:24:47'),(2,2,'excepturi',59,NULL,3,'2004-05-11 07:39:05','2021-03-14 12:24:47'),(3,3,'quo',557545,NULL,1,'2009-05-08 17:49:41','2021-03-14 12:24:47'),(4,4,'officiis',261,NULL,1,'1997-09-28 18:09:43','2021-03-14 12:24:47'),(5,5,'est',0,NULL,2,'2010-06-22 06:21:48','2021-03-14 12:24:47'),(6,6,'sed',6,NULL,3,'1983-08-11 15:35:59','2021-03-14 12:24:47'),(7,7,'sed',968716,NULL,3,'1985-08-15 05:57:33','2021-03-14 12:24:47'),(8,8,'vero',2597,NULL,3,'1981-03-09 12:11:59','1992-12-08 17:34:31'),(9,9,'cumque',80785337,NULL,1,'2006-01-27 00:20:56','2021-03-14 12:24:47'),(10,10,'at',5,NULL,2,'1979-07-09 10:33:21','2021-03-14 12:24:47'),(11,11,'atque',80119633,NULL,2,'2013-01-30 22:18:57','2021-03-14 12:24:47'),(12,12,'id',5372956,NULL,3,'2003-11-03 23:45:58','2021-03-14 12:24:47'),(13,13,'in',3872,NULL,3,'2012-12-11 16:58:51','2016-01-29 20:12:52'),(14,14,'eius',86886238,NULL,2,'1986-10-29 01:53:59','2021-03-14 12:24:47'),(15,15,'id',88,NULL,1,'2004-07-09 19:06:07','2021-03-14 12:24:47'),(16,16,'est',616,NULL,3,'1985-06-01 02:15:10','2021-03-14 12:24:47'),(17,17,'quaerat',9,NULL,1,'1988-04-09 20:27:10','2021-03-14 12:24:47'),(18,18,'ut',604635,NULL,2,'2008-05-01 16:27:10','2021-03-14 12:24:47'),(19,19,'dolores',23,NULL,2,'1987-08-22 21:37:12','2021-03-14 12:24:47'),(20,20,'vel',21446,NULL,1,'2016-03-21 12:09:35','2021-03-14 12:24:47'),(21,21,'voluptates',904615333,NULL,2,'1989-10-16 06:38:38','2021-03-14 12:24:47'),(22,22,'libero',364150,NULL,3,'1993-12-03 15:04:35','2021-03-14 12:24:47'),(23,23,'dolore',65408,NULL,2,'2018-01-21 11:16:20','2021-03-14 12:24:47'),(24,24,'voluptate',704664,NULL,3,'1979-03-04 06:48:41','2021-03-14 12:24:47'),(25,25,'laboriosam',4474,NULL,1,'1997-07-14 23:33:41','2021-03-14 12:24:47'),(26,26,'velit',8,NULL,3,'1983-11-05 09:51:53','2021-03-14 12:24:47'),(27,27,'minima',20293,NULL,1,'1975-04-21 09:14:52','2021-03-14 12:24:47'),(28,28,'dolore',946,NULL,1,'2012-07-12 17:10:18','2021-03-14 12:24:47'),(29,29,'dolorem',1220,NULL,2,'1999-07-19 23:03:42','2021-03-14 12:24:47'),(30,30,'dolore',4,NULL,2,'1984-05-17 20:42:41','2021-03-14 12:24:47'),(31,31,'magni',285587050,NULL,2,'1977-09-18 18:26:38','2021-03-14 12:24:47'),(32,32,'vero',2465,NULL,2,'1996-10-03 22:35:08','1981-05-13 20:12:30'),(33,33,'recusandae',850232,NULL,2,'1979-06-11 12:40:30','2021-03-14 12:24:47'),(34,34,'repellendus',278192,NULL,1,'1972-08-24 21:10:25','2021-03-14 12:24:47'),(35,35,'molestiae',6,NULL,3,'2005-02-25 17:36:58','2021-03-14 12:24:47'),(36,36,'voluptatum',1914,NULL,2,'1995-08-12 17:32:41','2021-03-14 12:24:47'),(37,37,'at',3998192,NULL,1,'2004-09-06 06:50:38','2021-03-14 12:24:47'),(38,38,'aliquam',655741,NULL,3,'1984-05-02 01:23:29','2002-06-28 22:08:54'),(39,39,'aut',0,NULL,3,'2017-09-04 04:02:07','2021-03-14 12:24:47'),(40,40,'sapiente',53943786,NULL,2,'2006-02-26 13:58:18','2021-03-14 12:24:47'),(41,41,'ut',0,NULL,3,'2014-05-12 18:55:13','2021-03-14 12:24:47'),(42,42,'vitae',1,NULL,2,'1983-03-25 04:51:21','1977-02-03 23:46:13'),(43,43,'et',9,NULL,3,'2020-08-20 11:26:28','2014-09-30 05:29:24'),(44,44,'voluptas',889169,NULL,2,'1972-04-02 02:54:45','2021-03-14 12:24:47'),(45,45,'et',6,NULL,2,'2007-01-22 07:13:23','2021-03-14 12:24:47'),(46,46,'et',853912415,NULL,1,'2011-03-07 18:38:18','2017-06-07 22:42:03'),(47,47,'officia',0,NULL,1,'2012-08-23 19:49:42','2021-03-14 12:24:47'),(48,48,'eos',23393153,NULL,1,'1977-11-10 23:10:28','2021-03-14 12:24:47'),(49,49,'dolores',5,NULL,3,'1992-05-07 01:53:02','2021-03-14 12:24:47'),(50,50,'aut',6046922,NULL,3,'1984-07-06 17:07:20','2021-03-14 12:24:47'),(51,51,'ullam',621,NULL,3,'2011-08-21 23:57:55','2021-03-14 12:24:47'),(52,52,'eum',83357740,NULL,1,'1975-11-07 23:26:34','2021-03-14 12:24:47'),(53,53,'veniam',69968,NULL,2,'2012-09-18 01:21:58','2021-03-14 12:24:47'),(54,54,'repudiandae',80331961,NULL,2,'1993-04-29 22:41:53','2021-03-14 12:24:47'),(55,55,'accusamus',93748133,NULL,1,'1976-01-30 19:39:06','2021-03-14 12:24:47'),(56,56,'itaque',921,NULL,3,'1995-07-17 03:32:35','2021-03-14 12:24:47'),(57,57,'porro',52,NULL,2,'2002-08-17 13:22:30','2009-07-21 09:48:47'),(58,58,'est',34,NULL,1,'1984-09-27 13:19:57','2021-03-14 12:24:47'),(59,59,'ipsam',245498662,NULL,1,'1988-10-08 21:25:18','2021-03-14 12:24:47'),(60,60,'dolore',0,NULL,1,'2005-08-05 22:47:33','2021-03-14 12:24:47'),(61,61,'illum',0,NULL,3,'2013-09-16 13:58:50','2021-03-14 12:24:47'),(62,62,'odit',794412242,NULL,2,'2018-12-12 09:19:54','1993-06-29 04:26:03'),(63,63,'mollitia',0,NULL,2,'1983-11-30 00:53:11','2021-03-14 12:24:47'),(64,64,'cum',94869,NULL,1,'1975-07-31 20:56:35','2021-03-14 12:24:47'),(65,65,'architecto',80406,NULL,2,'2009-08-22 09:17:57','2021-03-14 12:24:47'),(66,66,'ut',42,NULL,3,'1974-12-19 05:05:33','2021-03-14 12:24:47'),(67,67,'placeat',0,NULL,2,'1983-10-22 06:30:29','1987-01-24 03:40:30'),(68,68,'quia',778,NULL,2,'1977-07-31 06:32:08','2021-03-14 12:24:47'),(69,69,'illo',58918089,NULL,3,'1993-01-25 21:30:44','2021-03-14 12:24:47'),(70,70,'praesentium',886285,NULL,3,'2002-05-13 03:24:04','2021-03-14 12:24:47'),(71,71,'dolor',384,NULL,1,'2004-08-26 06:30:48','1984-08-15 02:01:27'),(72,72,'est',0,NULL,3,'1995-07-30 12:18:35','2021-03-14 12:24:47'),(73,73,'laboriosam',3,NULL,2,'2005-10-11 01:43:28','2021-03-14 12:24:47'),(74,74,'non',4,NULL,2,'1979-09-24 04:27:02','2021-03-14 12:24:47'),(75,75,'error',9451,NULL,1,'2007-08-31 13:25:51','2021-03-14 12:24:47'),(76,76,'qui',624,NULL,3,'2016-06-30 23:12:11','2021-03-14 12:24:47'),(77,77,'recusandae',483,NULL,1,'1995-05-15 11:01:33','2021-03-14 12:24:47'),(78,78,'animi',674221,NULL,2,'2018-08-26 17:37:53','2021-03-14 12:24:47'),(79,79,'consequatur',3600,NULL,2,'2017-12-27 23:48:54','2021-03-14 12:24:47'),(80,80,'quaerat',19,NULL,3,'2019-06-04 12:04:06','2021-03-14 12:24:47'),(81,81,'modi',4,NULL,3,'1990-11-02 01:24:52','2021-03-14 12:24:47'),(82,82,'praesentium',9,NULL,2,'1996-12-06 05:22:51','1990-05-01 03:16:36'),(83,83,'amet',39936,NULL,2,'2005-03-24 08:26:26','2021-03-14 12:24:47'),(84,84,'culpa',330670,NULL,1,'1972-08-14 01:20:39','2021-03-14 12:24:47'),(85,85,'numquam',0,NULL,1,'2006-09-07 18:52:26','2021-03-14 12:24:47'),(86,86,'aliquid',5890,NULL,3,'2011-08-21 18:02:22','2021-03-14 12:24:47'),(87,87,'sed',90992,NULL,3,'1996-01-29 02:05:02','2021-03-14 12:24:47'),(88,88,'dolor',9282899,NULL,1,'2005-07-05 09:13:36','2021-03-14 12:24:47'),(89,89,'cupiditate',947966613,NULL,1,'1981-09-03 23:28:57','2021-03-14 12:24:47'),(90,90,'et',558204083,NULL,1,'2003-08-07 19:46:23','2021-03-14 12:24:47'),(91,91,'ut',45381,NULL,2,'1972-10-07 21:35:10','2021-03-14 12:24:47'),(92,92,'et',129559209,NULL,1,'2006-04-12 17:31:37','2021-03-14 12:24:47'),(93,93,'quod',9709,NULL,1,'1987-04-17 00:02:50','2021-03-14 12:24:47'),(94,94,'unde',8061621,NULL,3,'2014-06-28 01:51:18','2021-03-14 12:24:47'),(95,95,'numquam',71376,NULL,2,'1986-12-24 15:44:10','2021-03-14 12:24:47'),(96,96,'sit',0,NULL,1,'2019-02-08 07:43:44','2004-02-19 02:14:14'),(97,97,'eius',401117,NULL,1,'2012-10-28 01:34:02','2021-03-14 12:24:47'),(98,98,'dolorum',429,NULL,1,'1991-07-08 02:07:09','2021-03-14 12:24:47'),(99,99,'omnis',0,NULL,2,'2011-06-28 02:36:16','2021-03-14 12:24:47'),(100,100,'aliquam',830435,NULL,3,'2015-07-12 01:05:43','2021-03-14 12:24:47');
/*!40000 ALTER TABLE `media` ENABLE KEYS */;
UNLOCK TABLES;

--
-- Table structure for table `media_types`
--

DROP TABLE IF EXISTS `media_types`;
/*!40101 SET @saved_cs_client     = @@character_set_client */;
/*!50503 SET character_set_client = utf8mb4 */;
CREATE TABLE `media_types` (
  `id` int unsigned NOT NULL AUTO_INCREMENT COMMENT 'Идентификатор строки',
  `name` varchar(255) CHARACTER SET utf8mb4 COLLATE utf8mb4_unicode_ci NOT NULL COMMENT 'Название типа',
  `created_at` datetime DEFAULT CURRENT_TIMESTAMP COMMENT 'Время создания строки',
  `updated_at` datetime DEFAULT CURRENT_TIMESTAMP ON UPDATE CURRENT_TIMESTAMP COMMENT 'Время обновления строки',
  PRIMARY KEY (`id`),
  UNIQUE KEY `name` (`name`)
) ENGINE=InnoDB AUTO_INCREMENT=4 DEFAULT CHARSET=utf8mb4 COLLATE=utf8mb4_unicode_ci COMMENT='Типы медиафайлов';
/*!40101 SET character_set_client = @saved_cs_client */;

--
-- Dumping data for table `media_types`
--

LOCK TABLES `media_types` WRITE;
/*!40000 ALTER TABLE `media_types` DISABLE KEYS */;
INSERT INTO `media_types` VALUES (1,'Image','2021-03-13 22:39:09','2021-03-13 22:39:09'),(2,'Video','2021-03-13 22:39:09','2021-03-13 22:39:09'),(3,'Audio','2021-03-13 22:39:09','2021-03-13 22:39:09');
/*!40000 ALTER TABLE `media_types` ENABLE KEYS */;
UNLOCK TABLES;

--
-- Table structure for table `messages`
--

DROP TABLE IF EXISTS `messages`;
/*!40101 SET @saved_cs_client     = @@character_set_client */;
/*!50503 SET character_set_client = utf8mb4 */;
CREATE TABLE `messages` (
  `id` int unsigned NOT NULL AUTO_INCREMENT COMMENT 'Идентификатор строки',
  `from_user_id` int unsigned NOT NULL COMMENT 'Ссылка на отправителя сообщения',
  `to_user_id` int unsigned NOT NULL COMMENT 'Ссылка на получателя сообщения',
  `body` text CHARACTER SET utf8mb4 COLLATE utf8mb4_unicode_ci NOT NULL COMMENT 'Текст сообщения',
  `is_important` tinyint(1) DEFAULT NULL COMMENT 'Признак важности',
  `is_delivered` tinyint(1) DEFAULT NULL COMMENT 'Признак доставки',
  `is_read` tinyint(1) DEFAULT NULL COMMENT 'Признак прочтения',
  `created_at` datetime DEFAULT CURRENT_TIMESTAMP COMMENT 'Время создания строки',
  `updated_at` datetime DEFAULT CURRENT_TIMESTAMP ON UPDATE CURRENT_TIMESTAMP COMMENT 'Время обновления строки',
  PRIMARY KEY (`id`)
) ENGINE=InnoDB AUTO_INCREMENT=101 DEFAULT CHARSET=utf8mb4 COLLATE=utf8mb4_unicode_ci COMMENT='Сообщения';
/*!40101 SET character_set_client = @saved_cs_client */;

--
-- Dumping data for table `messages`
--

LOCK TABLES `messages` WRITE;
/*!40000 ALTER TABLE `messages` DISABLE KEYS */;
INSERT INTO `messages` VALUES (1,1,41,'Et quae nihil veniam rem. Sunt tempore reiciendis voluptatem dolorem occaecati amet sit dolorem. Dolores non doloribus delectus reprehenderit voluptas esse. Non autem occaecati voluptatibus aliquid aut ut.',1,1,1,'1986-02-13 23:44:56','2021-03-14 12:34:22'),(2,2,47,'Asperiores est incidunt ex omnis ut. Cupiditate et explicabo quisquam non nesciunt facilis. Temporibus omnis iste officiis dolorem aperiam.',1,0,NULL,'1997-10-31 01:16:21','2021-03-14 12:32:39'),(3,3,54,'Quia maxime esse animi aperiam itaque optio. Ab sed perspiciatis autem. Ut dolorem dolorem eligendi nobis vero quae.',1,1,0,'1994-05-03 20:44:22','2021-03-14 12:34:22'),(4,4,93,'Ipsa aliquid ab et. Sint omnis ea incidunt eum distinctio. Voluptate aut facere et molestiae corrupti magnam. Dolore cumque impedit sit sint reiciendis praesentium.',0,0,NULL,'1986-12-30 04:33:06','2021-03-14 12:32:39'),(5,5,80,'Et explicabo optio repellendus modi sit ad. Sed error quaerat vel veniam. Quasi libero mollitia ut autem atque repellat et.',0,0,NULL,'1976-07-14 23:56:42','2021-03-14 12:32:39'),(6,6,13,'Esse saepe suscipit voluptatem vitae accusamus. Explicabo illo consequatur harum quis totam eius quia. Sunt ratione asperiores eum non deleniti.',0,1,0,'1982-03-26 15:08:12','2021-03-14 12:34:22'),(7,7,42,'Possimus incidunt voluptas suscipit optio. Nemo numquam esse quis est.',1,1,0,'1994-09-07 16:06:21','2021-03-14 12:34:22'),(8,8,61,'Ut labore ratione error aut molestias. Totam reiciendis autem necessitatibus porro rerum culpa. Accusamus fuga quia itaque repudiandae. Velit veritatis molestias vitae tenetur.',0,1,0,'1992-05-30 06:23:41','2021-03-14 12:34:22'),(9,9,38,'Qui ullam ducimus aperiam consequatur dolorem pariatur et. Blanditiis hic enim et nostrum quae velit eveniet. Ut autem eaque deleniti vel alias.',0,0,NULL,'2003-12-15 21:16:19','2021-03-14 12:32:39'),(10,10,36,'Asperiores voluptate maiores rerum in. Quisquam molestiae sed ea harum. Sit voluptatibus sunt vel qui.',1,0,NULL,'2006-08-14 16:42:38','2021-03-14 12:32:39'),(11,11,18,'Vero aspernatur odit officia ut vero. Tempore et sint nulla sapiente ut est minima. Eaque beatae id atque unde quod quae.',0,0,NULL,'2003-06-05 05:24:06','2021-03-14 12:32:39'),(12,12,8,'Ut ut quis est tempore possimus reprehenderit ut et. Voluptatem non excepturi repellat quae ex. Voluptate sequi veniam aperiam omnis doloribus quasi quasi.',0,0,NULL,'2002-06-07 10:35:44','2021-03-14 12:32:39'),(13,13,86,'Quisquam excepturi autem culpa et. Magni consequatur in ducimus voluptatem id architecto. Nam ut qui sint quo ut.',1,1,0,'2015-07-28 17:30:27','2021-03-14 12:34:22'),(14,14,77,'Asperiores iste rerum quo et. Inventore quasi nemo sunt reprehenderit. Qui consequatur ut quis in. Et reiciendis quis totam minima.',0,1,1,'1974-12-09 21:45:41','2021-03-14 12:34:22'),(15,15,41,'Sit quidem labore adipisci possimus praesentium accusamus delectus. Consequuntur nostrum id sequi. Illo libero laudantium doloremque eaque. Repellendus aut fugit consectetur.',0,1,0,'1985-05-24 16:18:24','2021-03-14 12:34:22'),(16,16,15,'Iste autem earum illum voluptas recusandae. Necessitatibus dolor non fugiat nemo commodi. Non quia aut totam recusandae. Eligendi neque deserunt rerum quaerat illum ut aliquid.',1,1,0,'1984-02-26 11:07:27','2021-03-14 12:34:22'),(17,17,23,'Doloremque enim voluptatem assumenda ea quos. Vel voluptatibus aut voluptatem doloribus excepturi. Soluta tempore non qui voluptas est iste cupiditate aut.',1,0,NULL,'1999-06-14 16:39:51','2021-03-14 12:32:39'),(18,18,80,'Fugiat earum at provident eos. Repudiandae dolorum vero aliquid optio dolorem dolore. Minima vel ut consequuntur doloremque ut. Rerum quo iusto quos est et sapiente inventore.',1,1,1,'2005-07-07 12:59:00','2021-03-14 12:34:22'),(19,19,23,'Quis iste sequi harum vero at laboriosam inventore perspiciatis. Ipsam ab quod molestiae labore sunt. Dolores ea eum ducimus amet odit repudiandae dolorum. Et esse ducimus necessitatibus.',1,0,NULL,'1996-01-30 14:59:39','2021-03-14 12:32:39'),(20,20,31,'Reiciendis et autem voluptatum et culpa. Suscipit voluptatem beatae repellendus. Omnis commodi aut ut dolorem.',1,0,NULL,'1970-11-06 07:00:53','2021-03-14 12:32:39'),(21,21,61,'Quidem ad quas ea eligendi ad assumenda. Vel consectetur commodi dolor minima. Eum voluptatum et eos quos eos.',0,0,NULL,'1997-08-26 13:25:14','2021-03-14 12:32:39'),(22,22,20,'Culpa laboriosam enim optio ullam ad dolorum qui fugit. Dolores officia sunt ut minima. Quod maxime veniam illo officia.',0,1,0,'1983-03-16 02:50:14','2021-03-14 12:34:22'),(23,23,69,'Quia optio debitis facilis et dolorem eum. Saepe inventore sit labore molestiae itaque blanditiis non.',1,1,0,'2016-06-12 15:16:48','2021-03-14 12:34:22'),(24,24,38,'Facilis repellendus nobis et ad molestias perspiciatis. Et doloremque quo veniam consequatur occaecati. Dolore mollitia aperiam corporis quod.',0,0,NULL,'1992-09-12 12:49:53','2021-03-14 12:32:39'),(25,25,33,'Quia aut et veniam pariatur. Quae cupiditate aut officia ipsam reprehenderit sunt voluptatibus corrupti. Aspernatur ullam omnis aut facilis. Officia error ullam dolore.',0,0,NULL,'2004-12-01 14:16:55','2021-03-14 12:32:39'),(26,26,61,'Veritatis tempora eaque repellat. Repellat maxime ipsam autem. Veniam et ipsum et facilis totam eos explicabo. Dolorem et hic commodi eos.',1,1,1,'1991-10-22 03:02:59','2021-03-14 12:34:22'),(27,27,44,'Qui delectus voluptatem a ab laudantium est laudantium mollitia. Aut deleniti sed explicabo. Vitae delectus a rerum aut maxime dolores quaerat.',1,1,0,'1981-07-14 22:55:46','2021-03-14 12:34:22'),(28,28,66,'Facere doloremque magnam et quidem. Sit repellendus non molestiae quasi magnam voluptatem dolorem. Unde fuga culpa et ea.',0,1,0,'2010-01-08 15:25:39','2021-03-14 12:34:22'),(29,29,71,'Quo distinctio qui cupiditate sint ipsa enim. Sint eos et sit nulla quibusdam. Dolor soluta magni minima corrupti et accusamus nihil. Animi autem molestiae maxime tenetur ipsam.',0,0,NULL,'1990-01-03 18:14:32','2021-03-14 12:32:39'),(30,30,15,'Eum temporibus recusandae dolores ut sint voluptatum quisquam. Autem delectus occaecati accusantium eum aliquid. Rerum dignissimos iste possimus placeat.',0,0,NULL,'1979-03-17 03:11:41','2021-03-14 12:32:39'),(31,31,99,'Reiciendis doloribus pariatur in minus fugit nemo omnis ab. Aut error quis quo est mollitia. Harum voluptates enim delectus blanditiis dolor accusantium facere.',0,0,NULL,'1992-03-15 13:05:21','2021-03-14 12:32:39'),(32,32,60,'Qui dolorum aut id quidem. Maxime consequuntur suscipit non omnis exercitationem. Nostrum est delectus dolor consequatur ipsa officiis molestiae.',0,0,NULL,'2020-03-06 03:49:25','2021-03-14 12:32:39'),(33,33,1,'Adipisci earum cupiditate ullam consequatur necessitatibus minima non ducimus. Sit et minus placeat ut ipsum. Non voluptas eveniet nobis et ratione molestiae. Ex repudiandae odio necessitatibus quisquam debitis aut aut.',0,1,1,'1975-01-09 22:23:37','2021-03-14 12:34:22'),(34,34,9,'Occaecati necessitatibus ullam omnis asperiores facilis. Assumenda et placeat asperiores qui. Ducimus qui adipisci aut et omnis. Quis quia expedita laborum earum eligendi ut sit.',0,0,NULL,'2005-11-17 10:58:56','2021-03-14 12:32:39'),(35,35,20,'Dignissimos nemo nisi harum molestiae hic quia nihil. Molestias quae reprehenderit soluta itaque iusto dolores. Voluptas voluptatem laborum eos eos. Enim tempora iusto impedit molestiae reiciendis dicta quis.',0,0,NULL,'2017-02-14 23:56:04','2021-03-14 12:32:39'),(36,36,67,'Nulla nam est recusandae minima placeat. Voluptatibus quae quam beatae consequatur autem id omnis. Earum nostrum expedita perspiciatis ratione.',0,1,1,'2002-10-08 14:35:43','2021-03-14 12:34:22'),(37,37,60,'Unde assumenda excepturi doloremque minus. Aliquid suscipit officiis quasi temporibus. Libero veniam omnis et rerum quibusdam.',0,1,0,'2000-10-20 16:08:10','2021-03-14 12:34:22'),(38,38,77,'Odio amet dolores eum similique itaque. Voluptates voluptatem modi quia voluptas eligendi. Recusandae ea consectetur harum sed. Cumque aut esse ut.',0,0,NULL,'2004-08-13 05:00:28','2021-03-14 12:32:39'),(39,39,27,'Incidunt quod et commodi. Non consectetur facere quis quaerat alias exercitationem. Cum accusantium illo maxime eum.',0,1,0,'1988-07-03 04:19:04','2021-03-14 12:34:22'),(40,40,18,'Magnam consectetur ipsa qui. Et maxime ratione fugiat tempora eum magnam ab. Soluta qui quibusdam quas tenetur sunt dolores magnam. Consequatur quis impedit laudantium dignissimos at eos officia molestiae.',0,1,1,'2018-12-13 13:26:30','2021-03-14 12:34:22'),(41,41,75,'Quia pariatur perspiciatis magnam eligendi neque. Reprehenderit nam blanditiis delectus aut. Debitis quibusdam corporis voluptas expedita. Ea consequatur nisi autem enim nihil sit minima.',0,0,NULL,'1979-06-19 12:28:31','2021-03-14 12:32:39'),(42,42,73,'Aut rerum ut qui qui id. Omnis accusamus qui omnis eum minima dolorum. Ipsum recusandae corrupti quasi laboriosam consectetur delectus fuga. Omnis et alias tempora labore.',1,1,1,'2019-10-02 16:59:30','2021-03-14 12:34:22'),(43,43,84,'Sit explicabo optio aliquam voluptas temporibus consectetur. Hic aliquid cupiditate ratione tenetur eum. Minus ducimus pariatur consectetur laboriosam.',0,1,0,'2010-06-25 11:33:05','2021-03-14 12:34:22'),(44,44,50,'Ipsam et et dolores. Non aut architecto ipsam sit excepturi magni. Veniam fugit deleniti quisquam distinctio animi error. Consequatur facilis alias in rem molestiae est aut.',0,1,1,'2006-01-29 06:02:54','2021-03-14 12:34:22'),(45,45,21,'Quia nobis sit cum debitis quos deleniti. Culpa repudiandae dolores sint porro non sint quia. Doloribus qui mollitia tempore aut sunt. Quisquam est autem qui sequi id repellendus impedit aut.',0,0,NULL,'1992-11-26 21:36:50','2021-03-14 12:32:39'),(46,46,87,'Itaque id et vel consequatur. Id dolorem vitae voluptatem est at. Hic iste accusamus aut ipsam quis. Commodi quam necessitatibus qui architecto.',0,1,0,'1972-10-29 15:43:48','2021-03-14 12:34:22'),(47,47,48,'Optio in eum voluptatem qui et. Et minima minus aut et quasi velit laborum blanditiis. Ipsam repellat rerum rerum reiciendis harum corrupti quo et. Voluptatibus tempora et commodi voluptate aut. Officia deleniti similique ducimus et iusto quas aut.',0,0,NULL,'1992-11-11 04:14:46','2021-03-14 12:32:39'),(48,48,44,'Quidem impedit qui veniam sed praesentium et. Ab assumenda velit vel quis. Aut est officia consequatur at. Non voluptate quia iure minima quis temporibus reiciendis.',1,0,NULL,'2012-09-06 23:22:14','2021-03-14 12:32:39'),(49,49,32,'Est omnis occaecati molestiae necessitatibus repellat voluptas voluptas. Molestias omnis quaerat amet ipsum consequatur perferendis officiis. Totam eaque quidem architecto aut.',0,1,1,'1977-11-12 13:47:07','2021-03-14 12:34:22'),(50,50,16,'A sunt nisi qui vero optio. Voluptatem neque molestiae atque architecto facere officia et molestias. Delectus exercitationem qui rerum molestiae.',0,0,NULL,'2010-11-10 00:11:41','2021-03-14 12:32:39'),(51,51,28,'Et sit molestiae modi et. Rem aut unde nesciunt error. Nobis aut consequatur sed et sequi nisi autem.',1,0,NULL,'2008-03-26 06:44:49','2021-03-14 12:32:39'),(52,52,21,'Excepturi tempore ut voluptas omnis sed reiciendis. Dolorum eaque aut fugit velit facilis. Voluptates provident ut eos facere. Fugiat ut ea fugiat nemo laboriosam.',0,0,NULL,'2015-12-04 22:20:47','2021-03-14 12:32:39'),(53,53,99,'Id nulla eos quidem esse fugit. Impedit eum beatae a ut aspernatur architecto. Ipsa itaque ut molestiae sed esse ea. Vitae fugit doloribus a reprehenderit aliquid molestias.',0,1,1,'1993-11-19 23:12:22','2021-03-14 12:34:22'),(54,54,80,'Iusto et qui ipsum neque. Tenetur quo exercitationem porro molestiae totam quae iste. Placeat quisquam laudantium nemo culpa qui qui vel exercitationem.',0,0,NULL,'2006-06-07 15:11:04','2021-03-14 12:32:39'),(55,55,51,'Consequuntur mollitia est deserunt fugit laudantium est tempore et. Blanditiis est ea nesciunt error magni. Maxime consequatur fugiat ut.',1,0,NULL,'1977-02-20 12:06:37','2021-03-14 12:32:39'),(56,56,97,'Aut dignissimos culpa blanditiis et. Ipsum aperiam harum laboriosam laudantium at numquam laudantium. Veritatis qui molestiae in libero quia. Cupiditate itaque quaerat voluptatum et.',0,1,0,'2005-10-07 10:57:22','2021-03-14 12:34:22'),(57,57,43,'Exercitationem libero dolores recusandae consequuntur aliquid aspernatur corporis. Vitae iusto sint tempore quidem accusantium nam nisi. Aut libero rerum illum praesentium quae vitae.',1,1,1,'2014-01-31 13:11:04','2021-03-14 12:34:22'),(58,58,72,'Accusantium dolorem eos nihil rem totam. Molestias blanditiis eos distinctio ullam consequatur autem. Inventore veniam quo dignissimos adipisci aspernatur.',0,1,1,'2000-08-03 21:37:11','2021-03-14 12:34:22'),(59,59,81,'Voluptatum cumque et tempore ea. Voluptas rerum quae ea quidem laudantium. Fuga eum exercitationem fugit consequatur consequatur ut. Cupiditate aut magnam aut doloremque.',1,1,0,'2007-01-06 18:43:52','2021-03-14 12:34:22'),(60,60,95,'Ullam quia molestiae in quasi. Reiciendis odit esse quo sunt soluta ut explicabo. Et enim et velit omnis.',0,0,NULL,'2010-12-18 22:29:25','2021-03-14 12:32:39'),(61,61,4,'Qui consequuntur dignissimos ipsum eligendi voluptatum voluptatem accusantium nobis. Id quis rerum fugiat est odit. Pariatur dolorem ut qui aut.',0,1,1,'1971-02-08 07:59:26','2021-03-14 12:34:22'),(62,62,36,'Dolor aliquam dolore non architecto cumque quis ut. Animi vel facilis asperiores quia ipsam laboriosam. Omnis veritatis eveniet quo sequi dicta. Molestias et omnis est quos atque.',0,0,NULL,'1975-03-25 10:20:53','2021-03-14 12:32:39'),(63,63,82,'Incidunt repellendus et occaecati sit consequuntur laboriosam provident asperiores. Quibusdam illum voluptatem maiores consequatur laborum. Hic eligendi optio fugit porro similique rerum. Ab repellat officia natus praesentium.',0,0,NULL,'2015-12-30 09:37:09','2021-03-14 12:32:39'),(64,64,31,'Deleniti molestiae velit voluptatem quasi tempore libero. Tempore perferendis quaerat aspernatur impedit sunt nihil. Dolorem amet voluptatem omnis ea dolores qui consequatur.',1,1,0,'1994-08-17 03:32:38','2021-03-14 12:34:22'),(65,65,13,'Ducimus aliquam nihil at ad est dolor. Mollitia est vel libero qui reiciendis corrupti.',0,0,NULL,'1990-05-22 04:48:54','2021-03-14 12:32:39'),(66,66,96,'Recusandae nihil inventore consequatur cupiditate consequatur ab hic. Sint modi perferendis fugiat. Neque vel suscipit voluptas nemo.',1,1,1,'2003-06-10 10:39:26','2021-03-14 12:34:22'),(67,67,47,'Consequuntur dolor aut molestias ut. Sequi sed molestiae ea adipisci. Et magni dolores itaque vel.',0,1,1,'1973-05-17 06:17:30','2021-03-14 12:34:22'),(68,68,4,'Architecto facere voluptatibus libero consectetur laudantium eos. Minima nobis iste omnis labore.',1,0,NULL,'1970-03-21 16:23:30','2021-03-14 12:32:39'),(69,69,59,'Et impedit voluptate sapiente non iste sunt animi. Id numquam beatae id error mollitia fuga repellat. Porro recusandae neque vitae reprehenderit explicabo. Ut dolor dolores sequi omnis non.',0,0,NULL,'1988-01-01 07:17:24','2021-03-14 12:32:39'),(70,70,71,'Animi nemo fugit laboriosam repellendus pariatur. Et labore id rerum quos. Quis aut vel delectus praesentium rem sit non.',0,1,1,'2019-07-03 12:11:43','2021-03-14 12:34:22'),(71,71,49,'Saepe sapiente quia culpa autem. Eum maxime ut alias sapiente facilis repudiandae. Et ut sint eum rerum. Sint exercitationem voluptatum ut qui quos.',0,0,NULL,'2011-10-22 11:32:46','2021-03-14 12:32:39'),(72,72,18,'Quis molestiae error consequuntur corporis. Impedit culpa non odio doloribus doloribus ab. Et qui temporibus quia minima molestiae nisi. Ut et ab perferendis facere quibusdam voluptates et.',1,1,0,'2017-07-26 00:32:07','2021-03-14 12:34:22'),(73,73,95,'Nobis dolor nisi eveniet inventore qui placeat ipsa. Vel quo doloribus non voluptatem corporis. Sed voluptatem illum magni velit qui eum.',1,1,1,'1984-12-30 01:52:04','2021-03-14 12:34:22'),(74,74,99,'Ab harum voluptatem odio reprehenderit ab. Voluptate voluptas dolorem nam consectetur labore cum tempore. Voluptates quibusdam consectetur ut ex ut.',0,1,0,'2017-01-02 14:45:13','2021-03-14 12:34:22'),(75,75,95,'Nam placeat reiciendis nobis nam odit neque. Et impedit et est vero voluptatem. Facilis aut repellendus voluptatem et placeat aut autem voluptas. Alias aliquid repellendus facere voluptatem.',1,0,NULL,'1974-05-10 18:48:27','2021-03-14 12:32:39'),(76,76,75,'Doloribus ea ratione facilis. Quo aut et possimus veniam. Consectetur quia error sunt aliquam aut.',1,0,NULL,'1999-03-12 10:53:50','2021-03-14 12:32:39'),(77,77,86,'Corrupti numquam autem excepturi. Et suscipit possimus soluta quisquam beatae non. Suscipit esse id sunt. Ex maiores alias recusandae in fuga et est. Ut repellat dolores provident et amet.',1,1,0,'1994-12-05 01:02:16','2021-03-14 12:34:22'),(78,78,91,'Ut est sapiente et ea eos eius eveniet. Tempora deserunt excepturi alias perspiciatis delectus ab. Sit repudiandae ipsam in maxime eaque sunt dolor odio. Non dolor rerum nobis nesciunt.',1,1,1,'1995-11-18 02:02:03','2021-03-14 12:34:22'),(79,79,48,'Autem pariatur molestiae minima earum. Ullam odio enim architecto cupiditate qui aspernatur quia porro. Maxime harum qui accusantium voluptas. Odio quae inventore aliquam enim ea eaque sed quaerat. Aperiam sit minima dolores suscipit.',1,1,1,'1980-07-30 06:41:22','2021-03-14 12:34:22'),(80,80,62,'Magnam delectus et rerum incidunt veritatis nam. Ut fugit aut eius aliquam doloremque quibusdam occaecati. Eaque ratione at ducimus in voluptas possimus repudiandae. Soluta sit aliquam libero eos.',1,0,NULL,'2003-05-09 19:26:26','2021-03-14 12:32:39'),(81,81,40,'Et dolorem porro harum debitis labore. Et autem minus enim voluptatem. Labore est sapiente excepturi quasi neque iure.',0,1,0,'2012-10-24 11:08:22','2021-03-14 12:34:22'),(82,82,46,'Enim qui accusamus qui placeat. Sit deserunt voluptatem adipisci ipsa itaque fuga. Quia ut molestias repudiandae illum ea sequi accusantium.',1,1,1,'1979-02-23 02:27:46','2021-03-14 12:34:22'),(83,83,65,'Nihil tempore aut amet voluptas minima quaerat. Aut et harum dolorum doloremque pariatur. Fugiat id quod possimus. Et et quis quam at nam dolore quis.',1,1,1,'2006-02-14 01:01:18','2021-03-14 12:34:22'),(84,84,68,'Tempore aut recusandae corrupti. Ad sunt temporibus non ut alias amet omnis. Magnam possimus et quidem quia ducimus velit quos. In velit accusantium aut deserunt.',0,1,0,'1993-01-11 09:44:48','2021-03-14 12:34:22'),(85,85,46,'Id sit ab consequuntur dolorum commodi sed incidunt similique. Et ad ut necessitatibus porro autem sed minus. Voluptate hic odio culpa voluptatem eos enim. Quia tenetur nisi in ut debitis blanditiis ab.',0,1,0,'2013-11-19 16:33:33','2021-03-14 12:34:22'),(86,86,93,'Molestiae tenetur nulla velit ea. Eum labore placeat velit officiis. Et non fugiat dolorum aspernatur. Ea quam est quia optio cum. Enim aliquid ex tempora ut est fugit aut eveniet.',1,0,NULL,'1984-04-03 09:28:32','2021-03-14 12:32:39'),(87,87,77,'Temporibus totam amet asperiores cupiditate. Ea consequatur vitae asperiores et et voluptatem. Unde inventore nisi voluptatibus recusandae.',0,0,NULL,'1995-09-14 22:07:05','2021-03-14 12:32:39'),(88,88,61,'Dolor qui magnam veniam molestiae placeat enim itaque. Esse repellat fuga dolorem ullam consequatur. Id eos dolorem et aut. Maxime at corporis architecto alias quam labore rerum.',1,1,0,'2006-08-14 23:43:45','2021-03-14 12:34:22'),(89,89,59,'Ex odio quia temporibus quasi molestiae nam. Est enim qui est totam sit. Voluptates ullam et itaque eaque aliquam illo.',1,1,0,'2016-06-11 22:50:46','2021-03-14 12:34:22'),(90,90,43,'Dolore velit pariatur cumque et. Quaerat quia architecto facere tenetur. Dicta omnis porro ab assumenda qui et ipsum. Corrupti quae aperiam eos neque.',1,0,NULL,'2017-04-19 00:49:15','2021-03-14 12:32:39'),(91,91,97,'Est labore architecto ducimus reprehenderit et omnis inventore. Eum delectus laudantium esse temporibus a quidem. Esse adipisci ratione quod quam. Ducimus ipsa deserunt reiciendis et cum eum.',1,1,0,'1998-02-17 17:40:20','2021-03-14 12:34:22'),(92,92,70,'Fuga provident porro in ducimus autem. Sunt qui nihil a ad placeat necessitatibus. Fuga ut quam voluptas saepe.',0,1,0,'1983-05-03 03:20:49','2021-03-14 12:34:22'),(93,93,84,'Aut vitae itaque vel ipsa qui voluptatem. Aperiam repellat cum deserunt quaerat. Ut quis quo totam magnam amet autem.',0,0,NULL,'2012-12-07 13:18:43','2021-03-14 12:32:39'),(94,94,16,'Doloremque aut odit corporis quisquam. Aperiam harum voluptas accusamus. Accusantium ullam recusandae iure et iste corporis facere eveniet. Quam et quo iure sit.',0,1,0,'2011-08-13 12:57:14','2021-03-14 12:34:22'),(95,95,72,'Modi magni et cum officiis facere. Aliquam quas asperiores ut vero maxime dolores id aperiam. Voluptatem fugiat voluptas dolores vel. Dolorum quia quisquam aut libero.',1,1,0,'1984-12-18 16:44:25','2021-03-14 12:34:22'),(96,96,76,'Ea quo aut facilis qui. Quibusdam voluptatem molestiae a quo in molestias doloremque. Sed occaecati repellendus esse quod.',0,0,NULL,'2010-02-02 14:11:34','2021-03-14 12:32:39'),(97,97,5,'Sunt tempore in non at. Velit molestiae delectus velit omnis facilis ducimus dicta suscipit. Odio modi dolore consequuntur nulla reprehenderit aliquam. Ab ea ducimus blanditiis sunt nemo est.',1,0,NULL,'1980-02-20 18:50:28','2021-03-14 12:32:39'),(98,98,67,'Sint nam delectus itaque. Laborum molestiae quae exercitationem quasi est. Nam eaque consequuntur ex aut blanditiis at ea. Odio aut commodi et enim ullam.',0,1,0,'1985-02-27 19:38:13','2021-03-14 12:34:22'),(99,99,51,'Quo expedita dolor dolorum omnis quaerat. Ab dicta quod voluptas eius temporibus reprehenderit qui. Aut dolor suscipit voluptatibus quod. At et ut ipsa.',0,0,NULL,'2012-04-15 10:39:41','2021-03-14 12:32:39'),(100,100,78,'Asperiores ullam debitis totam. Consequuntur repellat dolor nihil at est sequi. Ut consequuntur voluptatem libero et incidunt quia ratione.',1,0,NULL,'2004-04-27 08:43:08','2021-03-14 12:32:39');
/*!40000 ALTER TABLE `messages` ENABLE KEYS */;
UNLOCK TABLES;

--
-- Table structure for table `profiles`
--

DROP TABLE IF EXISTS `profiles`;
/*!40101 SET @saved_cs_client     = @@character_set_client */;
/*!50503 SET character_set_client = utf8mb4 */;
CREATE TABLE `profiles` (
  `user_id` int unsigned NOT NULL COMMENT 'Ссылка на пользователя',
  `first_name` varchar(100) COLLATE utf8mb4_unicode_ci NOT NULL COMMENT 'Имя пользователя',
  `last_name` varchar(100) COLLATE utf8mb4_unicode_ci NOT NULL COMMENT 'Фамилия пользователя',
  `patronymic_name` varchar(100) COLLATE utf8mb4_unicode_ci DEFAULT NULL COMMENT 'Отчество пользователя',
  `gender_id` int unsigned DEFAULT NULL,
  `birthday` date DEFAULT NULL COMMENT 'Дата рождения',
  `photo_id` int unsigned DEFAULT NULL COMMENT 'Ссылка на основную фотографию пользователя',
  `user_status_id` int unsigned DEFAULT NULL,
  `city` varchar(130) CHARACTER SET utf8mb4 COLLATE utf8mb4_unicode_ci DEFAULT NULL COMMENT 'Город проживания',
  `country` varchar(130) CHARACTER SET utf8mb4 COLLATE utf8mb4_unicode_ci DEFAULT NULL COMMENT 'Страна проживания',
  `created_at` datetime DEFAULT CURRENT_TIMESTAMP COMMENT 'Время создания строки',
  `updated_at` datetime DEFAULT CURRENT_TIMESTAMP ON UPDATE CURRENT_TIMESTAMP COMMENT 'Время обновления строки',
  PRIMARY KEY (`user_id`)
) ENGINE=InnoDB DEFAULT CHARSET=utf8mb4 COLLATE=utf8mb4_unicode_ci COMMENT='Профили';
/*!40101 SET character_set_client = @saved_cs_client */;

--
-- Dumping data for table `profiles`
--

LOCK TABLES `profiles` WRITE;
/*!40000 ALTER TABLE `profiles` DISABLE KEYS */;
INSERT INTO `profiles` VALUES (1,'Arlene','Doyle','Arlene',1,'1994-07-24',NULL,2,'Port Geraldburgh','Bouvet Island (Bouvetoya)','1975-10-04 01:35:02','2021-03-14 12:38:35'),(2,'Hank','Fritsch','Hank',2,'1998-09-22',NULL,1,'Kaseytown','Sri Lanka','1996-10-13 18:49:41','2021-03-14 12:38:35'),(3,'Darwin','Bins','Darwin',2,'1972-07-24',3,2,'Sonnyfurt','Gambia','2014-12-10 08:40:29','2021-03-14 12:38:35'),(4,'Jeromy','Sawayn','Jeromy',1,'2003-10-22',4,2,'Kuvalisfurt','Thailand','2008-08-25 02:51:16','2021-03-14 12:38:35'),(5,'Janet','Sauer','Janet',1,'1979-12-06',NULL,2,'West Emmy','Japan','2020-04-17 03:51:24','2021-03-14 12:38:35'),(6,'Elton','Dooley','Elton',1,'1977-08-18',NULL,1,'Grahamport','Montserrat','1979-03-07 12:53:16','2021-03-14 12:38:35'),(7,'Jordane','Ward','Jordane',2,'1986-02-26',NULL,1,'Greenholtport','Uzbekistan','1978-07-22 20:56:51','2021-03-14 12:38:35'),(8,'Jerrell','Berge','Jerrell',2,'1981-01-06',NULL,2,'New Kellen','Morocco','1993-12-13 00:07:57','2021-03-14 12:38:35'),(9,'Jerome','Lowe','Jerome',2,'1970-05-06',9,1,'South Cordia','Egypt','1973-02-19 07:46:45','2021-03-14 12:38:35'),(10,'Deven','Bernhard','Deven',2,'1973-04-26',NULL,2,'Abshireburgh','Tonga','1987-07-02 07:52:06','2021-03-14 12:38:35'),(11,'Jazmin','Bruen','Jazmin',1,'2009-08-09',NULL,2,'New Guidobury','Germany','2011-03-25 19:26:49','2021-03-14 12:38:35'),(12,'Abe','Kozey','Abe',1,'2003-03-29',NULL,1,'East Grady','Saint Pierre and Miquelon','2007-03-07 09:11:03','2021-03-14 12:38:35'),(13,'Shakira','Harris','Shakira',1,'2010-12-12',NULL,2,'Kilbackhaven','Bermuda','2007-12-21 20:03:35','2021-03-14 12:38:35'),(14,'Verona','Emmerich','Verona',2,'1999-03-14',NULL,1,'Lelaview','New Caledonia','1981-12-26 06:06:31','2021-03-14 12:38:35'),(15,'Karson','Emmerich','Karson',2,'1976-10-10',15,2,'Lake Emilyfort','Tunisia','1972-03-31 02:46:51','2021-03-14 12:38:35'),(16,'Katharina','Hackett','Katharina',2,'2002-06-24',NULL,1,'Lake Mable','Venezuela','1974-12-26 03:32:08','2021-03-14 12:38:35'),(17,'Golden','Howell','Golden',2,'2012-10-12',17,2,'Euniceside','Estonia','2008-11-27 19:11:06','2021-03-14 12:38:35'),(18,'Buck','Roberts','Buck',1,'2020-04-17',NULL,2,'Verdaside','Nigeria','1973-08-31 17:18:22','2021-03-14 12:38:35'),(19,'Issac','Leannon','Issac',1,'2005-09-09',NULL,2,'Port Jimmie','Reunion','2002-01-12 00:48:02','2021-03-14 12:38:35'),(20,'Maximo','Yost','Maximo',1,'2010-10-19',20,2,'West Dan','Dominica','2006-05-13 23:21:10','2021-03-14 12:38:35'),(21,'Colleen','Herzog','Colleen',1,'1994-02-21',NULL,1,'Estherside','Pakistan','1986-08-08 18:01:55','2021-03-14 12:38:35'),(22,'Deion','Douglas','Deion',1,'2003-04-03',NULL,1,'Marianechester','Afghanistan','2006-08-01 15:47:24','2021-03-14 12:38:35'),(23,'Frank','Yost','Frank',1,'2000-11-03',NULL,2,'Lake Tess','Tokelau','2016-04-12 05:43:37','2021-03-14 12:38:35'),(24,'Bert','Schmidt','Bert',1,'1979-01-13',NULL,2,'Swaniawskiview','Guam','2009-06-26 10:42:21','2021-03-14 12:38:35'),(25,'Erwin','Hamill','Erwin',2,'1972-02-01',25,2,'Lake Constance','Austria','1980-06-09 11:59:13','2021-03-14 12:38:35'),(26,'Giovanna','Turcotte','Giovanna',1,'2000-04-24',NULL,1,'East Ceasar','Macao','2006-01-13 20:22:03','2021-03-14 12:38:35'),(27,'Estell','Block','Estell',1,'1984-08-13',27,2,'Marksfurt','Indonesia','2003-12-30 17:16:47','2021-03-14 12:38:35'),(28,'Marlin','Dickens','Marlin',2,'1982-07-06',28,2,'Jadenfort','Saint Vincent and the Grenadines','2020-02-10 22:29:50','2021-03-14 12:38:35'),(29,'Laisha','Lemke','Laisha',2,'2006-10-24',NULL,1,'East Karinaville','South Africa','1986-02-24 03:36:36','2021-03-14 12:38:35'),(30,'Evert','Yundt','Evert',1,'2014-02-08',NULL,1,'North Dawn','Kenya','1995-03-28 15:41:27','2021-03-14 12:38:35'),(31,'Marlin','Stehr','Marlin',2,'1996-08-11',NULL,2,'Pearlinehaven','Guyana','1994-10-19 17:01:32','2021-03-14 12:38:35'),(32,'Chance','Harvey','Chance',2,'2013-11-22',NULL,1,'Mariannaburgh','Seychelles','1971-02-28 23:54:57','2021-03-14 12:38:35'),(33,'Marlene','Heidenreich','Marlene',1,'1972-04-17',NULL,2,'Larkinfurt','Mali','1981-08-10 06:12:15','2021-03-14 12:38:35'),(34,'Rex','Beatty','Rex',2,'1971-12-09',34,2,'Dibbertchester','Tokelau','2019-06-30 03:25:44','2021-03-14 12:38:35'),(35,'Jarrell','Crooks','Jarrell',2,'1999-03-11',NULL,2,'East Thelmamouth','Austria','1971-09-12 08:07:46','2021-03-14 12:38:35'),(36,'Max','Torphy','Max',2,'1995-05-05',NULL,2,'Lake Kaileeside','Yemen','1986-04-07 03:57:09','2021-03-14 12:38:35'),(37,'Tara','Swift','Tara',1,'1982-04-05',37,2,'Emilville','Palau','1997-09-06 23:27:09','2021-03-14 12:38:35'),(38,'Gust','Mann','Gust',1,'2010-04-24',NULL,1,'Mooreland','Mongolia','1980-11-02 17:22:15','2021-03-14 12:38:35'),(39,'Misael','Gutmann','Misael',1,'1996-05-20',NULL,1,'East Yoshikoside','Ukraine','1993-08-09 04:24:29','2021-03-14 12:38:35'),(40,'Gabe','O\'Connell','Gabe',2,'2003-05-26',NULL,2,'Lake Jeff','Ireland','1984-05-14 05:54:35','2021-03-14 12:38:35'),(41,'Nicolette','Schroeder','Nicolette',1,'2002-08-16',NULL,1,'Feilville','Holy See (Vatican City State)','1990-11-30 03:39:47','2021-03-14 12:38:35'),(42,'Elmo','Huel','Elmo',1,'2016-08-22',NULL,1,'South Gerdachester','Guam','2008-09-27 12:03:56','2021-03-14 12:38:35'),(43,'Jessika','Roberts','Jessika',2,'1996-03-29',NULL,1,'Port Willow','Gibraltar','1995-08-06 19:46:14','2021-03-14 12:38:35'),(44,'Josefina','Roberts','Josefina',2,'2014-10-17',NULL,2,'South Vivianeton','Serbia','2019-08-07 17:18:20','2021-03-14 12:38:35'),(45,'Charlotte','McCullough','Charlotte',1,'1975-07-04',NULL,1,'Weimannchester','Argentina','2006-08-17 17:55:57','2021-03-14 12:38:35'),(46,'Priscilla','Cruickshank','Priscilla',2,'1973-11-30',46,2,'Schinnerbury','Syrian Arab Republic','1985-07-13 14:17:05','2021-03-14 12:38:35'),(47,'Nigel','Muller','Nigel',1,'2010-04-04',47,1,'Port Khalid','Andorra','1975-12-04 20:27:39','2021-03-14 12:38:35'),(48,'Destinee','Kris','Destinee',2,'2020-02-07',48,1,'Krisfort','Kyrgyz Republic','1995-07-18 12:16:51','2021-03-14 12:38:35'),(49,'Newell','Zemlak','Newell',2,'2005-10-18',NULL,1,'East Herminioburgh','El Salvador','2019-05-08 14:16:24','2021-03-14 12:38:35'),(50,'Connor','Haley','Connor',2,'1995-11-07',NULL,2,'Lake Sonyaborough','Moldova','1987-12-21 12:04:11','2021-03-14 12:38:35'),(51,'Alverta','Reilly','Alverta',1,'2001-08-05',NULL,2,'Emersonhaven','Saint Pierre and Miquelon','1986-06-04 06:28:09','2021-03-14 12:38:35'),(52,'Clemens','Lind','Clemens',2,'1987-01-08',52,2,'East Vladimirmouth','Wallis and Futuna','2017-01-27 17:20:11','2021-03-14 12:38:35'),(53,'Noah','Hermann','Noah',2,'2011-02-26',NULL,1,'Port Tamara','Czech Republic','1974-09-14 03:54:05','2021-03-14 12:38:35'),(54,'Tess','Gleichner','Tess',2,'1988-08-03',NULL,2,'South Brenda','Cambodia','1973-03-26 18:39:17','2021-03-14 12:38:35'),(55,'Travon','Metz','Travon',2,'1979-11-21',55,2,'Barrowsland','Greece','1995-02-14 12:22:11','2021-03-14 12:38:35'),(56,'Jaime','Murazik','Jaime',1,'1974-06-04',NULL,2,'Labadiemouth','Chad','2012-11-06 03:18:52','2021-03-14 12:38:35'),(57,'Sam','Rippin','Sam',1,'1986-03-31',NULL,1,'Carolinafurt','French Polynesia','1996-04-06 09:34:40','2021-03-14 12:38:35'),(58,'Zetta','White','Zetta',1,'1972-12-30',58,1,'Port Aleen','Benin','1997-03-20 20:20:03','2021-03-14 12:38:35'),(59,'Jayson','Ortiz','Jayson',1,'1987-12-21',59,2,'Port Yasmin','Djibouti','2006-10-28 22:27:54','2021-03-14 12:38:35'),(60,'Petra','Bauch','Petra',2,'2016-06-16',60,2,'Port Timmyburgh','Faroe Islands','1977-09-05 00:00:04','2021-03-14 12:38:35'),(61,'Della','Little','Della',1,'2020-01-05',NULL,2,'West Reymundoburgh','Montserrat','2002-08-20 18:50:30','2021-03-14 12:38:35'),(62,'Rory','Reinger','Rory',2,'1991-10-27',NULL,1,'Ornport','Senegal','2008-01-27 04:30:31','2021-03-14 12:38:35'),(63,'Maybelle','Huel','Maybelle',1,'1989-04-23',NULL,1,'Lake Alfton','Sweden','2010-10-15 21:37:04','2021-03-14 12:38:35'),(64,'Barbara','Mraz','Barbara',1,'1979-07-01',64,2,'Garetthaven','Uruguay','2019-06-05 20:46:29','2021-03-14 12:38:35'),(65,'Selina','Ullrich','Selina',1,'2013-12-22',NULL,2,'Deannaborough','Nauru','2002-06-21 12:19:13','2021-03-14 12:38:35'),(66,'Philip','Walter','Philip',2,'1991-08-28',NULL,1,'Aufderharland','Monaco','1996-05-18 23:29:24','2021-03-14 12:38:35'),(67,'Sierra','Langosh','Sierra',1,'2008-10-29',NULL,1,'Russelport','Ghana','1980-01-03 15:18:28','2021-03-14 12:38:35'),(68,'Monique','Boyle','Monique',1,'1971-07-03',NULL,2,'Myriamchester','Belarus','1982-10-01 03:40:16','2021-03-14 12:38:35'),(69,'Brian','Schaden','Brian',2,'2000-11-01',NULL,2,'New Destiny','Belgium','1974-05-03 15:52:31','2021-03-14 12:38:35'),(70,'Keely','Kuvalis','Keely',2,'1970-08-16',NULL,1,'North Bryana','Portugal','1982-02-25 13:45:31','2021-03-14 12:38:35'),(71,'Jon','Mraz','Jon',1,'1998-11-08',71,2,'Janellehaven','Malta','1998-08-25 20:03:31','2021-03-14 12:38:35'),(72,'Spencer','Schamberger','Spencer',2,'1978-12-27',NULL,2,'Citlalliton','Oman','2015-12-24 11:48:08','2021-03-14 12:38:35'),(73,'Brionna','Hickle','Brionna',1,'2004-12-13',NULL,1,'South Cliffordburgh','Paraguay','1977-11-18 20:04:21','2021-03-14 12:38:35'),(74,'Alene','Zieme','Alene',2,'2010-02-21',NULL,1,'Lake Rosalindport','South Georgia and the South Sandwich Islands','2004-09-05 05:15:40','2021-03-14 12:38:35'),(75,'Laury','Kovacek','Laury',1,'2002-08-14',75,1,'Prohaskaville','Croatia','1977-09-22 07:40:17','2021-03-14 12:38:35'),(76,'Eliseo','Stroman','Eliseo',2,'2004-12-10',NULL,2,'Pfannerstillside','Algeria','2016-08-18 14:46:51','2021-03-14 12:38:35'),(77,'Ross','Barton','Ross',2,'1978-10-08',77,2,'East Ocieport','United Kingdom','2002-11-11 02:38:45','2021-03-14 12:38:35'),(78,'Dillon','Stoltenberg','Dillon',1,'2018-05-25',NULL,2,'East Kathryn','Peru','1994-12-16 15:20:49','2021-03-14 12:38:35'),(79,'Moshe','Ritchie','Moshe',2,'1975-04-25',NULL,2,'Tyshawnbury','Belarus','2002-08-16 17:14:25','2021-03-14 12:38:35'),(80,'Aniyah','Jaskolski','Aniyah',2,'1998-11-14',NULL,1,'East Vesta','Montenegro','2013-10-15 12:37:54','2021-03-14 12:38:35'),(81,'Trenton','Nader','Trenton',2,'2003-07-26',NULL,1,'North Antonette','Niger','2016-08-30 04:20:48','2021-03-14 12:38:35'),(82,'Brant','Heathcote','Brant',1,'1979-03-18',NULL,2,'North Clarissa','Germany','2012-07-31 06:17:15','2021-03-14 12:38:35'),(83,'Brando','Keebler','Brando',2,'2012-06-22',NULL,1,'Keltonberg','Brazil','1989-08-26 17:09:46','2021-03-14 12:38:35'),(84,'Odessa','Cummerata','Odessa',1,'1991-04-08',84,1,'North Madalyn','Cambodia','1997-10-31 20:24:18','2021-03-14 12:38:35'),(85,'Jamarcus','Dare','Jamarcus',2,'1984-05-15',85,2,'Port Walkerside','Macao','1995-05-22 03:18:42','2021-03-14 12:38:35'),(86,'Neha','Erdman','Neha',1,'1993-01-01',NULL,1,'West Abigayle','Ghana','1998-02-16 11:40:25','2021-03-14 12:38:35'),(87,'Camille','Windler','Camille',1,'1982-05-25',NULL,1,'Hickleville','Mexico','2001-08-07 22:12:36','2021-03-14 12:38:35'),(88,'Fatima','Marks','Fatima',1,'1978-10-02',88,1,'Estellside','Ethiopia','2017-07-09 15:05:54','2021-03-14 12:38:35'),(89,'Breanna','Cummerata','Breanna',2,'1988-05-06',89,1,'Cassandreberg','Cameroon','2002-09-03 10:17:53','2021-03-14 12:38:35'),(90,'Myrtis','Sauer','Myrtis',1,'1976-01-01',90,1,'West Margeberg','Zambia','2002-09-01 04:13:17','2021-03-14 12:38:35'),(91,'Casimer','Schimmel','Casimer',1,'1973-06-07',NULL,2,'Dangelostad','Djibouti','1982-09-03 06:08:05','2021-03-14 12:38:35'),(92,'Gianni','Hermiston','Gianni',2,'1986-06-18',92,1,'Runteville','Burundi','2003-10-05 00:28:35','2021-03-14 12:38:35'),(93,'Charles','Sawayn','Charles',1,'1978-04-19',93,1,'New Joshua','Romania','1989-01-27 02:05:28','2021-03-14 12:38:35'),(94,'Courtney','Gorczany','Courtney',2,'1976-06-01',NULL,2,'North Goldaport','Bahamas','1989-01-14 04:34:53','2021-03-14 12:38:35'),(95,'Liana','Boehm','Liana',1,'1976-10-04',NULL,2,'Paulaburgh','Poland','1981-07-16 12:29:29','2021-03-14 12:38:35'),(96,'Darrion','Rau','Darrion',1,'1998-02-01',96,2,'New Helmerbury','Antigua and Barbuda','1974-10-30 02:57:07','2021-03-14 12:38:35'),(97,'Adrien','Wolff','Adrien',1,'1979-08-08',97,2,'North Coty','Micronesia','1985-02-23 22:12:02','2021-03-14 12:38:35'),(98,'Kariane','Pouros','Kariane',1,'1984-08-02',98,2,'Doloreshaven','Guam','1993-01-15 23:28:07','2021-03-14 12:38:35'),(99,'Constantin','Lehner','Constantin',2,'1998-11-07',NULL,2,'South Ronny','Saint Pierre and Miquelon','2005-04-25 08:53:39','2021-03-14 12:38:35'),(100,'Edwardo','Barton','Edwardo',2,'1981-01-04',NULL,2,'Lake Shanna','Turks and Caicos Islands','1981-10-31 13:33:29','2021-03-14 12:38:35');
/*!40000 ALTER TABLE `profiles` ENABLE KEYS */;
UNLOCK TABLES;

--
-- Table structure for table `user_statuses`
--

DROP TABLE IF EXISTS `user_statuses`;
/*!40101 SET @saved_cs_client     = @@character_set_client */;
/*!50503 SET character_set_client = utf8mb4 */;
CREATE TABLE `user_statuses` (
  `id` int unsigned NOT NULL AUTO_INCREMENT COMMENT 'Идентификатор строки',
  `name` varchar(100) NOT NULL COMMENT 'Название статуса',
  `created_at` datetime NOT NULL DEFAULT CURRENT_TIMESTAMP COMMENT 'Время создания строки',
  `updated_at` datetime DEFAULT CURRENT_TIMESTAMP ON UPDATE CURRENT_TIMESTAMP COMMENT 'Время обновления строки',
  PRIMARY KEY (`id`)
) ENGINE=InnoDB AUTO_INCREMENT=3 DEFAULT CHARSET=utf8mb4 COLLATE=utf8mb4_0900_ai_ci COMMENT='Справочник статусов пользователя';
/*!40101 SET character_set_client = @saved_cs_client */;

--
-- Dumping data for table `user_statuses`
--

LOCK TABLES `user_statuses` WRITE;
/*!40000 ALTER TABLE `user_statuses` DISABLE KEYS */;
INSERT INTO `user_statuses` VALUES (1,'Single','2021-03-13 22:20:53','2021-03-13 22:20:53'),(2,'Married','2021-03-13 22:20:53','2021-03-13 22:20:53');
/*!40000 ALTER TABLE `user_statuses` ENABLE KEYS */;
UNLOCK TABLES;

--
-- Table structure for table `users`
--

DROP TABLE IF EXISTS `users`;
/*!40101 SET @saved_cs_client     = @@character_set_client */;
/*!50503 SET character_set_client = utf8mb4 */;
CREATE TABLE `users` (
  `id` int unsigned NOT NULL AUTO_INCREMENT COMMENT 'Идентификатор строки',
  `email` varchar(100) CHARACTER SET utf8mb4 COLLATE utf8mb4_unicode_ci NOT NULL COMMENT 'Почта',
  `phone` varchar(100) CHARACTER SET utf8mb4 COLLATE utf8mb4_unicode_ci NOT NULL COMMENT 'Телефон',
  `created_at` datetime DEFAULT CURRENT_TIMESTAMP COMMENT 'Время создания строки',
  `updated_at` datetime DEFAULT CURRENT_TIMESTAMP ON UPDATE CURRENT_TIMESTAMP COMMENT 'Время обновления строки',
  PRIMARY KEY (`id`),
  UNIQUE KEY `email` (`email`),
  UNIQUE KEY `phone` (`phone`)
) ENGINE=InnoDB AUTO_INCREMENT=101 DEFAULT CHARSET=utf8mb4 COLLATE=utf8mb4_unicode_ci COMMENT='Пользователи';
/*!40101 SET character_set_client = @saved_cs_client */;

--
-- Dumping data for table `users`
--

LOCK TABLES `users` WRITE;
/*!40000 ALTER TABLE `users` DISABLE KEYS */;
INSERT INTO `users` VALUES (1,'tbergstrom@example.org','752.383.3704x847','1980-09-14 03:49:40','2015-10-14 06:19:46'),(2,'hoppe.demarco@example.net','363.878.2366x51737','2020-02-21 04:03:39','1987-09-21 00:42:15'),(3,'acassin@example.org','1-222-978-9536','1990-02-14 18:26:21','1984-07-06 17:42:39'),(4,'schaefer.jerald@example.org','(229)424-5663x8577','1987-09-25 00:38:13','1971-07-02 00:14:59'),(5,'brenna12@example.org','1-050-978-7726','1986-04-17 05:54:34','2019-01-12 19:57:48'),(6,'lucinda35@example.net','+57(0)6125344831','1982-01-14 20:42:46','2019-09-23 21:18:16'),(7,'klein.vita@example.net','(187)405-2905','2016-02-23 12:29:53','1992-04-27 00:34:31'),(8,'bernadette14@example.net','09552107097','1985-01-29 06:21:26','1994-01-05 07:02:50'),(9,'emely.bednar@example.com','(739)546-0069','2012-09-21 09:03:12','2019-12-20 17:11:09'),(10,'carlotta61@example.org','090.844.2316','1995-07-21 13:19:48','2014-09-09 17:08:19'),(11,'colten67@example.org','1-202-432-5389x5931','1988-11-06 09:55:26','1982-06-04 11:18:56'),(12,'rath.layla@example.net','741-094-9204','1980-12-01 20:27:38','1984-03-12 00:08:33'),(13,'harber.evangeline@example.net','1-913-668-4981x1374','2004-08-04 04:54:56','1984-04-15 13:11:35'),(14,'trycia.denesik@example.net','+20(5)5371389599','2019-10-14 02:05:25','2005-01-07 02:54:44'),(15,'simonis.mona@example.org','443.742.9889x45399','1970-08-06 03:09:08','1983-01-16 23:19:20'),(16,'breitenberg.adeline@example.org','607-849-8862','1980-11-19 16:44:24','1994-03-04 02:01:44'),(17,'earl.runte@example.com','528-776-1614x36584','1973-09-12 07:01:49','1993-11-29 11:16:58'),(18,'alisa83@example.net','544-555-7781x30287','2016-05-19 17:51:33','1991-08-15 11:23:54'),(19,'dusty90@example.net','(240)273-0619','1979-02-20 11:32:02','1988-04-27 02:28:37'),(20,'susie.jones@example.net','1-591-992-6470x560','2019-09-05 23:21:14','1977-03-22 15:00:11'),(21,'antonietta.jakubowski@example.org','738.818.2973x110','1990-11-02 10:13:46','2007-10-25 02:21:13'),(22,'nova17@example.com','+08(9)1092367910','1982-04-30 18:06:46','1970-12-04 12:25:20'),(23,'matteo.renner@example.com','07466798982','2014-03-07 17:27:12','2015-03-30 01:39:08'),(24,'lera15@example.org','878-449-1182','2007-03-03 00:07:34','1976-09-29 11:25:38'),(25,'nhermann@example.net','+62(4)4544719406','1972-03-05 00:14:29','1987-07-11 02:10:08'),(26,'jadon.mohr@example.org','(151)858-3332x497','1990-09-05 22:41:34','2008-10-09 18:08:57'),(27,'xo\'hara@example.net','570-411-6674','1972-01-25 13:12:01','2003-08-28 22:38:19'),(28,'bart98@example.net','01599619032','2010-11-29 15:32:20','1983-09-19 00:48:17'),(29,'wledner@example.com','+47(4)5894551909','2000-04-29 04:13:25','1994-12-31 01:34:31'),(30,'theresa.ward@example.com','(342)769-2616x254','2010-11-25 06:28:38','2020-06-15 20:43:11'),(31,'elissa.fahey@example.com','126.326.2073x26605','2018-02-03 13:58:58','1979-04-20 16:43:30'),(32,'destiney95@example.net','282.371.2793x429','1982-10-13 11:43:04','2005-11-05 09:21:22'),(33,'kylie33@example.org','1-414-266-6257','2019-02-01 14:34:52','2007-12-19 09:56:11'),(34,'cynthia.effertz@example.org','911.504.8563','1992-10-11 08:08:54','2009-07-09 01:58:17'),(35,'rippin.lilly@example.org','780.020.7208','1993-05-03 20:51:21','1972-05-12 21:57:17'),(36,'khalvorson@example.net','+83(5)1870962326','1992-10-18 20:33:42','1982-06-18 11:00:21'),(37,'lindgren.chelsey@example.com','1-752-318-2689','2005-07-06 22:49:33','2010-07-29 23:44:20'),(38,'stracke.myles@example.org','1-080-224-5146x03504','1972-12-09 22:53:57','2013-06-28 11:21:19'),(39,'markus80@example.net','+41(8)2038953845','1972-01-30 23:56:34','2016-02-13 06:53:47'),(40,'aanderson@example.net','945-820-8073','2020-03-07 16:10:11','1972-10-07 15:52:11'),(41,'ryan.kirstin@example.org','1-508-383-4854x77054','2020-04-28 20:19:06','1986-04-18 13:12:01'),(42,'kohler.felicia@example.com','1-757-201-4513x2084','2003-12-30 04:41:31','2019-07-11 23:54:20'),(43,'creichel@example.com','282.416.2296','2020-11-04 07:17:01','1980-09-27 10:36:24'),(44,'conor.mckenzie@example.net','065-881-4850x6081','1971-02-10 11:56:00','1996-08-23 06:49:39'),(45,'noemi11@example.net','986-667-4657','1980-12-17 02:21:43','1998-10-16 12:35:58'),(46,'charley08@example.com','(689)627-7210','1984-11-13 08:26:32','1971-09-12 20:43:33'),(47,'aschulist@example.org','113-932-6080','2014-10-03 08:23:14','1979-04-02 23:31:35'),(48,'heathcote.vernice@example.com','1-924-223-4830','1987-02-27 13:56:39','1994-02-08 05:28:14'),(49,'jasper.mayer@example.org','509.758.6413x763','1977-11-21 10:16:02','1993-02-18 06:35:22'),(50,'kristoffer68@example.com','390.723.8439x655','1999-09-17 04:51:29','1997-04-01 23:26:29'),(51,'jreichel@example.net','978.996.3484x9800','1983-04-27 04:56:07','2000-10-30 22:37:35'),(52,'hugh.cruickshank@example.org','1-269-673-9678x07123','1989-11-30 03:39:54','2011-08-18 02:50:09'),(53,'hgrant@example.com','1-652-747-7534x07012','2008-09-11 23:02:01','1980-12-07 22:35:02'),(54,'pbogan@example.org','+37(2)5304611305','2011-07-21 09:54:55','2015-04-04 06:37:36'),(55,'nellie38@example.com','120.016.3354x116','1988-10-30 07:21:45','1987-10-16 08:58:20'),(56,'burnice.morissette@example.com','355-169-0984','1998-05-30 04:14:55','1983-08-05 20:17:40'),(57,'dblick@example.net','643-412-7520','1997-06-16 17:27:13','1991-02-13 00:38:33'),(58,'bfranecki@example.net','823-820-4863x40777','2004-01-02 18:27:32','2015-12-12 11:42:39'),(59,'riley.dare@example.org','972.286.4084x8091','2001-12-24 19:32:02','2016-02-24 17:33:59'),(60,'will.mavis@example.net','06533453051','1988-11-01 13:57:31','1986-01-27 05:31:33'),(61,'brooks93@example.com','+19(1)4365376351','1973-05-23 12:08:33','2014-06-01 11:46:14'),(62,'davis.janelle@example.com','200.959.3381','1973-12-25 02:39:29','2003-05-02 06:07:45'),(63,'okuneva.catalina@example.com','(286)618-0896x7516','1997-05-23 23:11:10','1993-06-07 05:51:43'),(64,'harry52@example.net','225.047.0976x833','2016-04-21 06:52:13','1977-11-30 21:11:07'),(65,'quigley.daryl@example.net','+27(3)4901395031','1981-06-03 09:20:54','1986-08-18 13:17:31'),(66,'morar.tobin@example.net','325.265.9990x29249','1977-08-25 01:07:40','1976-02-22 07:42:58'),(67,'watsica.mya@example.org','(257)783-6604x1298','1982-01-12 07:00:14','2015-04-07 23:19:05'),(68,'jewel22@example.org','(952)831-2799x94786','1994-08-23 22:38:15','2016-08-17 15:54:16'),(69,'beulah79@example.org','1-235-238-3017','1982-06-08 03:36:37','1974-11-01 04:08:35'),(70,'glover.lucie@example.org','1-028-487-4930x5768','1990-10-27 10:53:57','1999-03-22 04:55:50'),(71,'padberg.jenifer@example.com','1-384-192-9539x66826','1992-03-29 15:57:12','2010-02-05 13:16:00'),(72,'kylie41@example.org','(163)937-2836x337','2006-06-30 00:37:03','2017-06-12 05:11:39'),(73,'hand.abdul@example.net','(383)547-0970x52703','2009-06-14 09:26:27','1971-10-30 00:44:35'),(74,'ylesch@example.org','248.601.6828x743','1987-04-04 07:26:56','1976-06-20 19:33:37'),(75,'marley39@example.com','268-120-1746x44663','1988-11-10 08:07:45','2004-06-29 05:34:27'),(76,'hoyt.mohr@example.net','349.229.8433x207','1989-09-30 05:25:09','2019-01-20 21:44:42'),(77,'kiana.heidenreich@example.org','+28(2)7080984519','1996-01-24 05:26:42','1970-11-21 20:45:43'),(78,'opollich@example.org','293.126.6592x078','2011-11-10 17:57:00','1979-12-14 04:16:53'),(79,'dbins@example.net','617.461.5962','1972-08-21 01:45:33','1989-03-08 02:26:01'),(80,'luciano22@example.net','130.707.6758x2624','2002-02-27 11:09:25','2000-04-07 16:56:24'),(81,'frieda09@example.com','458.884.6177','2017-04-09 09:33:08','1987-10-11 10:57:36'),(82,'pgleichner@example.net','1-339-074-8256','2002-09-05 00:05:47','2001-08-13 09:48:00'),(83,'quinten.toy@example.net','01628369863','1971-02-01 06:46:01','1991-04-21 09:10:47'),(84,'fpadberg@example.com','+02(4)1391811981','1976-09-16 11:20:07','1974-06-10 17:56:26'),(85,'norberto47@example.net','(818)441-9788x55204','2000-03-20 03:26:39','2010-02-17 01:43:48'),(86,'kstehr@example.net','431-768-7446','2017-11-17 02:29:50','1993-08-13 03:56:12'),(87,'arnulfo44@example.net','1-826-355-7310x7442','1982-09-05 11:14:40','1978-05-05 10:47:51'),(88,'aidan95@example.net','1-217-179-0120x7370','2017-07-18 10:55:17','2016-04-27 18:35:35'),(89,'sarai.mosciski@example.com','02455676331','1985-01-16 11:49:15','1997-02-28 04:33:22'),(90,'jessyca92@example.com','147-769-2525','1990-04-06 23:49:39','1972-08-18 22:18:45'),(91,'makenzie35@example.com','(871)664-9001x9561','2019-01-15 06:10:11','2017-11-09 05:25:12'),(92,'rdare@example.com','709-036-7050','2020-08-31 05:59:02','2012-10-06 08:26:57'),(93,'fcassin@example.org','(216)142-2590x837','2002-01-11 00:19:00','1992-01-31 01:12:54'),(94,'aleen.aufderhar@example.com','183.103.1933','2004-06-21 00:35:51','1975-02-15 12:17:02'),(95,'king.mireya@example.com','441-525-4737x55222','1973-11-13 17:48:37','2007-02-24 07:52:50'),(96,'sdietrich@example.com','1-594-135-4142','1973-07-29 23:32:39','2015-12-22 03:36:13'),(97,'melyna.dach@example.org','966.319.1631','2019-04-27 10:58:44','2014-11-22 12:38:28'),(98,'isabella65@example.org','1-673-418-5947','1992-10-21 14:48:30','1972-12-02 09:56:31'),(99,'hammes.bennie@example.net','039-050-1340','2013-11-04 05:27:06','1979-08-12 04:43:56'),(100,'hblick@example.net','1-796-120-3733x536','1971-08-08 05:33:55','2003-03-11 12:35:35');
/*!40000 ALTER TABLE `users` ENABLE KEYS */;
UNLOCK TABLES;
/*!40103 SET TIME_ZONE=@OLD_TIME_ZONE */;

/*!40101 SET SQL_MODE=@OLD_SQL_MODE */;
/*!40014 SET FOREIGN_KEY_CHECKS=@OLD_FOREIGN_KEY_CHECKS */;
/*!40014 SET UNIQUE_CHECKS=@OLD_UNIQUE_CHECKS */;
/*!40101 SET CHARACTER_SET_CLIENT=@OLD_CHARACTER_SET_CLIENT */;
/*!40101 SET CHARACTER_SET_RESULTS=@OLD_CHARACTER_SET_RESULTS */;
/*!40101 SET COLLATION_CONNECTION=@OLD_COLLATION_CONNECTION */;
/*!40111 SET SQL_NOTES=@OLD_SQL_NOTES */;

-- Dump completed on 2021-03-14 12:42:15
